Site,Year,acpa,acce,moan,maca,decy,sisp,fafr,disp,meme,cona,issi,eufa,mysp,muan,masp,dsto,lesp,maar,stin,scsp,ocul,clar,sosp,agag,Agsp,po-branch,po-massive,livecoral,deadcoral,poas,poco,popo,sand,pavement,sponge-all,bransoft,feathsoft,fansoft,rubble,algae-all,fila-macro,flesh-macro,crustose,montast-all,Anemcolon,Anemsol,Zoanthids,pofur,erect-soft,enc-soft,fire-coral,sponge-erect,sponge-encrusting
Bigelow,1992,-1.735E-17,2.482,1.642,2.197,-3.886E-16,1.648,5.551E-17,0.278,5.551E-17,8.882E-16,-2.602E-17,4.857E-17,2.220E-16,-2.429E-17,4.441E-16,3.469E-18,5.725E-17,3.339E-17,5.551E-16,-4.684E-17,-3.698E-32,1.301E-18,-4.337E-19,1.100,-1.110E-16,0.551,1.382,11.279,13.501,1.382,-1.058E-16,0.551,26.994,4.677,7.445,14.064,-6.661E-15,2.753,11.307,4.943,2.665E-15,4.123,0.820,3.839,-2.567E-16,4.441E-16,1.443E-15,7.078E-16,11.625,2.484,0.553,9.597,3.037
Bigelow,1993,-1.041E-17,1.255,3.111,2.334,-2.220E-16,2.458,0.147,0.745,0.139,0.295,-2.776E-17,1.434E-16,0.147,-1.362E-17,-5.782E-17,5.551E-17,3.643E-17,6.072E-18,1.943E-16,-2.255E-17,8.674E-19,1.084E-18,-1.735E-18,1.449,0.147,2.806,1.804,15.990,2.518,1.804,2.122E-16,1.960,16.621,0.286,10.101,13.054,10.354,7.082,10.233,10.900,1.670,9.230,8.327E-16,5.444,0.147,1.388E-17,0.147,0.846,34.413,0.989,1.429,34.356,6.679
Bigelow,1994,1.214E-17,2.220E-16,2.158,1.315,-4.996E-16,1.876,0.000,0.254,1.310,1.032,-1.735E-17,-1.110E-16,0.269,-1.570E-16,0.278,1.978E-16,0.509,1.561E-17,2.220E-16,4.510E-17,0.000,4.554E-18,-4.337E-19,1.102,-1.665E-16,2.107,2.851,15.062,8.882E-16,2.851,-3.834E-16,2.107,14.861,-6.661E-16,9.367,11.303,12.674,7.736,11.673,12.216,9.007,1.862,1.348,3.473,-5.482E-16,9.021E-17,0.801,6.176E-16,29.451,3.260,1.047,23.691,5.125
Bigelow,1995,-6.939E-18,1.113,3.060,2.782,-5.551E-16,3.340,0.280,1.671,-1.110E-16,1.111,0.000,-1.665E-16,0.278,2.689E-17,0.278,-6.245E-17,-1.388E-16,2.168E-18,3.331E-16,0.278,-8.674E-19,4.554E-18,-1.301E-18,4.468,0.278,1.111,3.067,22.838,-3.553E-15,2.789,0.278,1.111,20.334,-8.882E-16,15.033,4.734,3.901,4.181,10.871,11.699,3.620,6.963,1.116,5.843,-8.882E-16,-3.261E-16,1.113,1.110E-16,9.783,3.623,1.116,8.162,5.292
Bigelow,1996,-1.041E-17,0.855,4.047,1.758,-4.996E-16,1.160,7.772E-16,0.585,0.601,1.140,2.220E-16,3.331E-16,0.287,-1.735E-17,0.570,-3.886E-16,0.285,5.725E-17,0.575,8.153E-17,1.301E-18,2.168E-18,-8.674E-19,2.346,-4.441E-16,1.554E-15,3.523,17.731,0.285,3.523,3.331E-16,-2.776E-16,10.186,-8.882E-16,8.995,7.560,3.539,4.119,12.766,27.845,14.311,13.535,2.498E-16,5.805,-2.220E-16,-9.992E-16,2.341,-2.220E-16,17.685,3.477,1.155,15.399,-3.553E-15
Bigelow,1997,-6.939E-18,1.120,3.582,2.498,-2.220E-16,4.449,-1.006E-16,0.831,0.273,0.820,-3.469E-17,0.280,0.273,3.730E-17,0.546,-1.561E-16,-1.221E-15,8.240E-17,1.107,5.725E-17,1.735E-18,0.273,8.674E-19,2.213,4.441E-16,-4.441E-16,3.575,21.841,0.278,3.575,-2.220E-16,-3.331E-16,19.180,2.220E-16,18.013,6.068,8.584,4.426,4.169,10.807,6.920,1.952,1.935,6.080,3.192E-16,5.551E-17,1.669,3.053E-16,17.115,2.477,1.929,14.198,6.637
Bigelow,1998,1.735E-18,1.394,1.391,1.926,0.000,1.097,0.278,0.278,0.278,5.551E-16,-1.388E-17,-1.874E-16,0.273,1.093E-16,0.280,1.388E-17,0.273,1.735E-18,0.546,1.665E-16,4.987E-17,-5.421E-20,4.337E-19,1.931,0.556,0.273,3.591,14.365,0.278,3.591,2.290E-16,0.273,19.979,-6.661E-16,13.819,6.100,6.387,4.445,8.320,20.231,9.374,10.584,0.273,3.318,9.992E-16,0.273,2.209,3.539E-16,16.143,3.040,0.553,13.409,2.757
Bigelow,1999,-6.939E-18,1.413,1.418,0.853,6.311E-30,2.309,3.955E-16,1.432,0.870,0.877,-2.602E-17,-2.220E-16,-4.441E-16,1.050E-16,-7.772E-16,3.123E-17,1.388E-17,6.332E-17,0.862,0.285,1.995E-18,-2.015E-18,-1.301E-18,1.717,0.845,1.720,4.275,18.590,0.565,4.275,-5.551E-16,1.435,22.113,0.570,12.006,6.289,6.257,3.721,5.130,19.321,8.265,9.344,1.712,2.270,0.857,0.285,1.442,0.285,14.199,1.997,0.855,12.165,3.710
Bigelow,2000,-5.204E-18,1.387,2.227,3.063,-3.331E-16,1.116,2.776E-16,1.401,0.551,0.280,-5.551E-17,0.280,3.469E-17,-3.643E-17,0.275,7.286E-17,-1.665E-16,-2.602E-17,0.556,0.275,1.005E-19,4.879E-19,1.735E-18,2.498,1.110E-16,2.222,3.352,19.203,-8.882E-15,3.352,-2.665E-15,1.942,13.688,3.331E-15,21.719,9.991,5.836,3.324,5.864,14.253,3.058,8.679,2.516,5.290,1.249E-16,0.280,1.676,0.280,21.034,3.329,0.836,17.594,4.169
Bigelow,2001,-8.674E-18,3.539E-16,2.495,1.111,-2.220E-16,1.389,-1.610E-15,1.931,0.273,0.556,-1.117E-16,-2.313E-17,3.053E-16,9.714E-17,-5.782E-17,6.476E-17,0.273,4.337E-18,1.111,-8.674E-18,1.771E-18,-2.448E-18,-8.674E-19,4.426,-1.110E-16,1.935,4.695,20.196,2.486,4.695,-3.151E-16,1.935,19.331,1.102,8.843,9.663,6.070,0.829,18.488,5.255,4.699,3.553E-14,0.556,3.607,4.510E-16,0.278,1.380,-1.318E-16,17.494,4.695,1.384,14.506,3.871
Bigelow,2002,-5.204E-18,-5.551E-16,4.409,1.362,-2.776E-16,2.735,-1.776E-15,0.827,1.096,1.527E-16,-2.255E-17,-6.245E-17,-6.661E-16,-7.893E-17,-5.204E-17,5.551E-17,-1.110E-16,0.556,0.806,-1.561E-17,2.259E-20,4.879E-19,-1.605E-17,-4.441E-16,4.721,1.945,3.300,21.757,0.560,3.300,-3.109E-15,1.945,18.789,1.938,16.514,5.780,6.343,4.129,2.484,14.027,12.113,0.538,1.376,5.771,1.945,0.278,2.214,-6.661E-16,20.099,4.373,0.815,16.630,3.831
Bigelow,2003,-8.674E-18,6.661E-16,3.049,2.213,1.665E-16,2.220,-2.665E-15,0.278,-3.747E-16,1.107,-1.041E-17,3.886E-16,3.886E-16,5.378E-17,0.829,3.123E-17,1.111,2.949E-17,0.556,-3.469E-18,1.195E-18,-2.852E-20,-1.966E-18,5.539,-4.996E-16,0.278,2.215,19.394,1.664,2.215,3.400E-16,0.278,20.762,1.662,18.547,8.317,4.421,5.535,6.935,9.428,6.380,0.556,2.493,5.262,0.556,0.000,0.556,0.000,12.724,2.222,0.556,10.557,6.097
Bigelow,2004,9.861E-32,0.699,2.086,1.673,-5.551E-17,2.378,2.082E-17,1.109,0.279,0.281,2.602E-17,5.551E-17,0.140,7.546E-17,4.441E-16,0.141,0.420,3.331E-16,8.882E-16,5.204E-17,7.224E-19,-8.788E-18,-7.589E-19,1.953,0.985,1.812,2.374,15.769,-5.329E-15,2.374,-5.551E-17,1.251,20.957,3.490,12.688,7.487,3.495,6.825,11.528,11.782,4.002,0.968,5.406,3.759,-3.886E-16,0.556,1.055E-15,0.560,16.399,4.174,1.112,13.672,5.020
Bigelow,2005,-1.388E-17,9.021E-17,2.236,3.931,-2.776E-16,0.278,5.551E-17,0.843,0.560,0.278,-6.939E-18,4.996E-16,1.554E-15,1.561E-17,0.565,6.245E-17,-1.561E-17,1.236E-16,0.278,7.980E-17,8.312E-19,-4.472E-19,-5.240E-19,1.977,0.282,2.220E-15,3.366,14.595,-3.553E-15,3.366,-1.683E-16,1.776E-15,19.120,3.663,21.083,7.001,7.293,8.169,8.432,6.431,5.038,0.833,0.560,6.168,7.772E-16,0.282,2.665E-15,4.441E-16,27.136,3.931,2.887E-15,22.877,5.334
Bigelow,2006,-5.204E-18,1.110E-16,1.675,2.349,-1.110E-15,2.353,0.167,4.996E-16,0.753,0.336,-1.735E-18,3.886E-16,0.336,2.082E-17,0.165,3.469E-18,9.368E-17,-6.939E-18,0.503,-2.776E-17,8.782E-19,-2.884E-18,-1.008E-18,0.168,1.254,0.335,3.093,13.487,2.346,3.093,-3.331E-16,0.335,25.276,3.588,12.204,3.417,1.997,5.510,8.919,19.592,14.165,4.924,0.503,4.024,9.923E-16,0.165,2.942E-15,1.110E-16,11.341,3.334,0.165,10.279,6.116
Bigelow,2007,-2.958E-31,-1.874E-16,3.930,1.909,-1.665E-16,1.248,0.215,0.404,0.820,0.215,-5.031E-17,9.021E-17,-3.886E-16,7.889E-31,-1.145E-16,0.215,1.076E-16,3.036E-17,1.943E-16,-1.735E-18,6.776E-20,4.879E-19,5.653E-19,4.163E-16,2.313,0.617,3.325,15.211,4.953,3.325,-9.541E-17,0.617,17.365,2.023,9.294,11.945,7.049,6.635,9.896,14.404,6.803,6.590,1.011,5.839,-4.163E-17,1.804E-16,5.551E-16,1.110E-16,18.107,1.009,0.215,11.373,2.500
Bigelow,2008,-2.082E-17,2.567E-16,3.437,2.579,0.439,2.316,1.665E-16,-3.608E-16,0.635,0.439,-2.949E-17,0.210,6.939E-17,6.939E-18,-1.631E-16,8.327E-17,0.419,3.296E-17,-1.110E-16,6.939E-18,-1.208E-19,4.879E-19,4.374E-19,0.844,-2.665E-15,0.644,3.391,15.537,4.185,2.752,0.639,0.425,12.852,0.000,9.672,12.428,11.009,14.670,7.593,9.920,8.668,0.429,0.823,6.017,6.939E-18,-7.772E-16,1.055E-15,0.219,26.531,1.083,1.050,16.866,4.195
Bigelow,2009,-1.214E-17,1.089E-15,3.225,1.166,3.331E-16,1.703,1.665E-16,0.383,1.660,1.129,-2.776E-17,0.047,2.498E-16,-8.674E-19,-7.170E-17,2.429E-17,2.082E-17,2.342E-17,0.031,1.041E-17,2.544E-18,3.497E-18,-1.690E-18,2.133,1.250,0.359,4.675,17.760,0.167,4.675,-2.793E-16,0.359,24.982,-1.776E-15,7.054,16.442,10.039,12.336,5.764,19.740,19.082,0.167,0.491,4.391,6.939E-17,-6.939E-18,4.996E-16,3.469E-17,32.625,0.329,0.163,21.491,2.625
Bigelow,2010,-1.561E-17,5.759E-16,4.052,2.858,-1.110E-16,1.895,3.331E-16,0.706,1.429,0.939,-1.735E-17,0.243,0.236,1.128E-16,-1.006E-16,5.551E-17,3.816E-17,-5.551E-17,4.718E-16,-1.908E-17,1.662E-18,-9.276E-18,-1.897E-18,1.186,1.191,0.973,5.749,20.500,7.105E-15,5.036,0.713,0.730,24.060,-6.661E-16,12.384,16.420,5.719,11.639,0.946,7.380,6.439,0.941,1.388E-15,6.910,1.943E-16,0.480,2.442E-15,0.243,23.159,0.473,7.772E-16,16.383,3.562
Bigelow,2011,-7.806E-17,-5.551E-17,2.307,1.582,-2.776E-16,1.583,0.000,0.909,0.922,0.236,4.337E-17,0.236,0.224,4.747E-18,8.674E-17,-2.776E-17,1.266E-16,8.283E-17,0.236,1.561E-17,7.697E-19,-2.711E-20,-1.253E-18,1.597,0.225,1.123,3.181,13.913,1.776E-15,3.181,-2.377E-16,0.674,14.127,-3.109E-15,7.930,21.068,10.361,14.640,8.608,7.299,4.350,2.949,1.554E-15,3.888,-3.787E-29,0.460,0.685,0.449,33.355,2.998E-15,0.908,22.890,3.416
Bigelow,2012,-1.099E-17,2.845E-16,1.745,2.353,0.252,0.827,0.000,-4.580E-16,0.351,0.238,-2.684E-17,5.551E-17,1.943E-16,1.794E-17,-1.145E-16,3.469E-17,7.633E-17,3.216E-17,2.776E-16,8.674E-18,-4.371E-19,4.879E-19,5.525E-19,0.736,1.254,0.889,2.500,10.755,1.086,2.389,0.110,0.610,25.720,2.031,10.455,10.754,7.746,8.376,7.113,13.581,13.070,0.386,0.125,4.098,-5.551E-17,7.633E-17,2.609E-15,0.279,20.795,2.024,0.358,15.467,3.931
Bigelow,2013,-1.193E-17,9.021E-16,2.300,1.634,-3.331E-16,3.229,1.110E-16,0.469,0.450,8.604E-16,5.999E-18,3.053E-16,0.235,5.421E-19,0.225,5.551E-17,6.245E-17,2.878E-17,0.225,-2.270E-17,1.193E-18,-6.588E-18,-2.096E-18,1.380,1.389,0.695,4.628,16.860,5.548,4.628,2.914E-16,0.695,11.810,4.901,16.016,12.448,3.934,13.349,8.168,4.197,1.643,2.328,0.225,3.934,4.163E-17,-4.302E-16,9.992E-16,9.992E-16,20.308,1.380,1.389,14.121,3.474
Bigelow,2014,-5.349E-18,3.886E-16,2.950,1.370,-3.331E-16,2.496,-5.551E-17,-2.220E-16,0.225,8.327E-16,-1.580E-17,1.596E-16,2.220E-16,4.714E-18,1.388E-17,3.123E-17,1.180E-16,5.182E-17,5.274E-16,3.957E-18,1.538E-18,-6.686E-19,-4.337E-18,1.592,1.132,0.455,3.187,13.407,8.882E-15,3.187,-4.163E-16,0.455,17.039,0.680,16.130,12.945,8.414,13.651,0.460,16.138,12.715,3.197,0.227,4.319,-8.327E-17,-7.633E-17,7.216E-16,5.135E-16,27.527,2.776E-16,0.454,18.664,3.408
Bigelow,2015,-1.540E-17,1.527E-16,3.658,1.827,5.551E-17,2.080,-5.551E-17,0.228,0.690,6.661E-16,-2.561E-17,1.804E-16,2.984E-16,2.308E-17,0.450,1.006E-16,8.531E-17,3.534E-17,0.461,1.543E-17,-2.507E-19,4.337E-19,6.254E-19,2.287,0.690,0.699,5.258,18.096,3.924,5.258,-7.980E-17,0.466,8.179,1.145,19.642,13.283,8.225,12.410,4.799,7.329,1.832,5.498,0.000,5.485,-5.439E-17,8.327E-17,0.228,0.233,39.771,1.827,0.913,27.383,3.442
Bigelow,2016,-3.361E-17,1.102E-14,3.084,1.915,-4.496E-15,3.319,0.235,-6.606E-15,3.469E-15,4.968E-15,1.397E-15,2.554E-15,0.235,-3.991E-16,3.018E-15,-7.667E-16,-1.549E-15,-8.967E-16,0.469,-9.137E-16,3.216E-18,-1.055E-16,-1.294E-17,0.700,0.688,1.919,3.044,15.374,5.926,3.044,7.459E-16,1.684,16.901,-3.153E-14,17.812,11.330,6.141,13.099,3.996,6.295,1.166,4.895,0.235,4.999,3.264E-15,4.011E-15,-2.331E-15,0.235,19.212,2.651,0.474,13.536,6.081
Crab Cove,1992,0.161,6.477,5.423,3.023,0.995,1.553,0.179,3.053,2.359E-16,8.882E-16,-1.214E-17,1.457E-16,3.053E-16,0.179,1.554,0.179,-8.674E-18,5.464E-17,1.665E-16,-1.735E-17,8.674E-19,1.084E-19,-4.337E-19,2.304,-1.110E-16,1.561,0.344,26.983,13.759,0.344,-7.286E-17,1.561,6.386,-1.998E-15,2.459,22.435,1.236,4.092,14.565,2.501,-1.776E-15,2.162,0.339,8.447,2.056,9.714E-17,2.056,-4.163E-17,19.176,1.022,2.007,16.132,1.296
Crab Cove,1993,-1.214E-17,6.924,3.548,2.058,-1.665E-16,3.143,-5.551E-17,1.364,1.110E-16,0.572,-4.510E-17,0.286,-8.882E-16,0.142,1.530,4.857E-17,2.082E-17,6.592E-17,0.278,1.561E-17,1.735E-18,-3.253E-19,-1.735E-18,1.040,-5.551E-17,1.027,2.303,24.217,3.123,2.303,5.551E-17,1.027,0.434,0.556,4.873,34.801,7.384,4.559,8.896,5.639,0.147,5.349,0.142,5.607,1.665E-16,-1.180E-16,1.415,2.082E-17,37.723,1.688,2.415,33.017,4.251
Crab Cove,1994,2.082E-17,6.890,2.879,1.434,-5.551E-16,3.439,-1.665E-16,0.860,5.597E-16,-2.331E-15,-1.041E-17,-1.897E-16,2.220E-16,-1.622E-16,0.865,1.874E-16,-7.112E-17,1.301E-17,-2.776E-17,-8.674E-18,1.735E-18,4.066E-19,-8.674E-19,1.422,1.665E-16,2.584,2.014,21.522,2.572,2.014,9.888E-17,1.719,2.287,0.570,3.731,33.218,9.162,4.021,11.174,5.731,0.287,1.722,3.721,4.313,-6.037E-16,1.388E-17,1.437,0.865,47.721,2.869,1.707,41.032,2.012
Crab Cove,1995,-1.214E-17,3.637,5.880,1.973,-7.772E-16,5.028,0.280,2.806,-2.082E-16,-1.110E-16,0.282,0.563,1.332E-15,0.282,2.792,5.204E-17,0.278,0.280,0.560,2.429E-16,-3.698E-32,3.253E-19,-1.735E-18,3.646,-2.220E-16,1.966,3.912,33.326,0.282,3.072,0.840,1.966,2.521,0.843,3.361,14.557,7.290,4.209,6.725,15.131,7.297,3.919,3.915,7.853,2.239,0.558,7.276,-1.665E-16,24.859,1.398,1.963,20.850,1.401
Crab Cove,1996,-6.939E-18,4.599,8.250,3.984,-8.882E-16,4.552,3.886E-16,2.025,1.665E-16,0.867,2.768E-16,0.275,-1.110E-16,-4.857E-17,3.117,0.275,0.575,6.072E-17,5.274E-16,6.765E-17,2.168E-18,7.860E-19,-4.337E-19,3.117,1.110E-16,5.121,1.699,35.619,0.275,1.423,0.275,2.561,3.764,-4.441E-16,2.278,8.243,5.689,3.953,10.881,19.282,7.728,10.406,1.148,12.234,1.437,0.292,4.305,2.561,17.748,3.438,1.979,15.193,-4.441E-15
Crab Cove,1997,-1.041E-17,7.692,5.983,2.279,-7.216E-16,3.419,0.000,2.279,0.285,0.570,-8.674E-18,1.110E-16,0.570,-3.643E-17,2.849,-9.368E-17,0.285,8.934E-17,0.855,-4.857E-17,1.735E-18,4.897E-18,-2.168E-18,1.994,0.285,1.425,3.134,33.048,-5.218E-15,2.279,0.855,1.425,1.140,1.554E-15,3.419,6.838,4.274,1.709,4.274,27.920,14.815,9.117,3.989,8.262,3.400E-16,1.110E-16,9.117,-1.665E-16,9.507,3.419,4.843,8.126,1.709
Crab Cove,1998,-3.469E-18,3.390,6.949,1.773,-1.110E-16,3.509,1.665E-16,1.489,-2.729E-16,1.050,-3.123E-17,0.422,2.220E-16,5.464E-17,0.427,2.082E-17,9.368E-17,3.556E-17,0.216,-1.800E-16,3.686E-17,4.337E-19,-4.337E-19,2.459,0.212,1.686,1.558,24.718,1.667,1.558,5.013E-16,1.264,3.567,1.500,0.632,10.966,5.041,1.606,5.741,36.153,33.515,1.544,1.093,8.722,1.093E-15,-7.633E-17,4.556,0.422,20.238,1.864,1.992,16.394,2.665E-15
Crab Cove,1999,-8.674E-18,5.471,7.709,1.147,5.551E-17,2.585,-5.551E-17,2.567,5.551E-17,0.865,-1.561E-17,0.570,-1.110E-16,8.674E-17,0.280,6.592E-17,1.076E-16,1.327E-16,1.388E-16,-2.949E-17,1.155E-18,3.524E-19,-1.301E-18,2.277,7.667E-16,2.577,2.592,28.055,0.877,2.007,0.585,2.577,2.595,6.661E-16,1.990,13.195,2.585,2.000,14.260,23.608,17.935,3.398,2.275,8.856,1.665E-16,0.573,5.677,-5.482E-16,17.149,1.695,2.597,14.648,4.441E-15
Crab Cove,2000,-1.214E-17,4.133,3.322,3.047,-3.886E-16,5.549,1.665E-16,1.378,1.100,1.665E-15,1.103E-16,1.434E-16,1.943E-16,3.469E-18,0.836,6.592E-17,-1.983E-16,8.500E-17,8.327E-17,0.280,2.332E-18,3.975E-19,-8.674E-19,1.662,3.886E-16,-7.216E-16,4.146,24.899,-5.329E-15,3.593,0.553,-1.971E-15,1.389,3.331E-15,2.480,7.436,1.384,0.827,1.945,52.169,25.670,22.371,4.128,6.369,3.747E-16,2.498E-16,4.704,-1.464E-15,8.031,1.389,1.377,6.657,0.553
Crab Cove,2001,-1.561E-17,2.792,4.735,1.932,0.225,2.294,-6.661E-16,0.649,0.437,0.424,-2.776E-17,2.220E-16,1.110E-16,3.730E-17,0.847,8.327E-17,-4.441E-16,-3.296E-17,-5.551E-17,1.041E-17,-2.711E-19,2.711E-20,-2.168E-18,0.618,2.834,1.202,1.697,20.270,4.015,1.471,0.225,1.011,5.257,1.718,1.641,13.914,2.021,1.826,20.732,22.427,15.387,4.603,2.437,6.666,0.382,0.191,1.815,0.191,18.588,1.614,2.559,15.843,0.989
Crab Cove,2002,-5.204E-18,7.251,5.044,2.792,0.292,3.377,-1.721E-15,0.833,0.292,0.278,-3.469E-18,0.292,-6.661E-16,-6.245E-17,-2.186E-16,7.980E-17,-2.538E-16,0.292,8.327E-17,1.735E-18,2.281E-18,3.975E-19,1.041E-17,0.278,1.404,5.015,1.404,26.623,-1.776E-15,1.404,-2.758E-15,2.792,4.254,2.442E-15,6.287,11.798,8.509,2.558,7.836,21.857,12.515,6.813,2.529,7.836,0.863,-1.804E-16,3.977,2.222,20.814,4.313,1.988,17.638,0.570
Crab Cove,2003,-1.908E-17,8.597,6.542,2.778,5.551E-16,3.204,0.141,2.638,0.556,1.383,-5.204E-18,0.280,0.139,5.204E-17,0.561,4.510E-17,0.139,3.730E-17,-4.441E-16,6.765E-17,1.177E-18,-1.189E-19,-1.370E-18,1.255,0.833,3.060,2.229,33.917,9.770E-15,1.810,0.419,3.060,2.231,1.111,5.424,11.685,3.482,2.784,12.094,16.994,3.064,9.469,4.461,9.320,2.367,-3.331E-16,6.527,-1.110E-16,17.862,1.248,2.504,14.886,1.533
Crab Cove,2004,-3.469E-18,1.723,2.674,1.517,-5.551E-16,3.312,-5.551E-17,1.724,0.192,1.416E-15,0.065,0.061,0.065,1.128E-17,0.258,2.035E-16,3.013E-16,5.895E-16,0.191,0.064,1.538E-18,4.183E-19,-1.193E-18,1.339,0.578,1.074,1.855,16.183,1.077,1.664,0.191,0.758,4.669,2.757,4.077,15.469,5.186,3.244,8.832,30.014,17.208,7.776,5.030,4.191,1.022,0.320,3.382,0.316,23.726,2.683,1.980,19.692,2.615
Crab Cove,2005,-1.388E-17,1.773,4.109,2.978,-1.110E-16,2.447,0.000,1.028,2.220E-16,0.140,-1.735E-17,3.331E-16,4.441E-16,2.949E-17,0.299,8.327E-17,1.180E-16,1.050E-16,0.286,1.006E-16,-1.084E-19,-2.485E-19,-2.331E-18,0.153,1.178,0.738,2.749,17.452,0.563,2.469,0.280,0.592,5.799,5.708,4.212,7.089,5.295,1.464,19.611,20.059,6.405,6.401,7.253,7.087,0.890,0.153,4.839,0.146,14.767,4.384,3.372,12.904,1.176
Crab Cove,2006,-1.735E-18,0.557,2.190,0.549,-1.388E-15,2.066,-5.551E-17,0.139,0.139,0.273,1.388E-17,8.789E-17,2.220E-16,1.561E-17,-3.903E-16,6.245E-17,7.806E-17,6.332E-17,-2.498E-16,2.776E-17,1.970E-18,9.035E-20,-1.644E-18,-2.776E-17,0.142,0.549,2.335,8.939,5.988,2.335,2.585E-16,0.549,10.935,3.523,4.806,7.986,3.644,0.137,16.167,29.960,5.889,21.399,2.671,2.739,0.393,0.127,4.525,-3.539E-16,8.273,1.201,2.063,6.830,2.181
Crab Cove,2007,-3.469E-18,2.629,3.521,2.250,-4.441E-16,2.246,-1.665E-16,1.039,0.423,0.192,-4.337E-17,1.249E-16,-5.551E-17,-6.939E-18,-6.939E-18,9.714E-17,1.023E-16,5.117E-17,0.192,6.939E-18,1.540E-18,6.867E-19,-2.172E-18,1.138E-15,0.192,0.634,4.092,17.409,5.084,4.092,1.665E-16,0.634,7.960,0.211,3.329,20.129,6.027,2.673,11.255,20.159,7.774,9.198,3.187,5.771,2.359E-16,9.021E-17,4.130,1.943E-16,28.306,0.212,1.421,17.498,0.594
Crab Cove,2008,-2.082E-17,0.954,3.049,3.277,0.185,1.168,-1.665E-16,0.613,0.613,1.221E-15,-1.735E-18,-1.342E-16,-1.110E-16,-3.469E-18,-1.023E-16,1.180E-16,1.284E-16,9.194E-17,4.441E-16,3.469E-18,1.695E-18,3.975E-19,-2.278E-18,0.200,0.784,2.293,3.291,14.775,0.185,2.465,0.826,1.467,2.109,1.776E-15,2.009,17.784,7.852,3.690,9.462,39.484,30.265,4.986,4.233,6.326,4.372E-16,-1.249E-16,0.812,0.826,33.544,-2.776E-16,1.838,20.151,0.770
Crab Cove,2009,-1.735E-17,0.202,2.144,1.452,-3.331E-16,0.884,3.886E-16,0.458,0.600,0.972,-1.388E-17,1.388E-16,2.220E-16,-1.735E-18,0.012,5.551E-17,1.023E-16,4.944E-17,-2.776E-17,1.214E-17,2.249E-18,8.619E-19,-1.036E-18,0.429,0.800,0.840,1.615,10.408,0.168,1.615,-2.758E-16,0.840,13.933,2.216,2.269,19.696,7.649,3.188,7.805,39.432,18.246,15.622,5.563,3.597,0.336,0.168,1.642,-1.665E-15,33.967,0.672,0.433,23.966,0.672
Crab Cove,2010,3.469E-18,1.768,4.689,3.183,-9.992E-16,1.934,5.551E-17,0.740,0.499,0.501,-1.214E-17,0.247,2.220E-16,1.388E-17,0.117,5.204E-17,7.112E-17,-1.044E-16,-3.053E-16,-2.082E-17,-2.168E-19,-1.141E-19,-1.247E-18,0.496,0.993,1.703,2.437,18.323,8.882E-15,1.943,0.494,1.212,9.556,2.442E-15,3.803,19.535,10.344,2.784,6.387,25.828,14.559,10.283,0.987,7.872,2.845E-16,-5.551E-17,2.108,0.491,33.238,0.247,1.085,24.270,1.223
Crab Cove,2011,-9.714E-17,0.329,4.017,2.474,0.329,1.829,5.551E-17,5.551E-17,2.359E-16,1.041E-16,3.816E-17,6.939E-17,1.110E-16,-1.011E-17,-1.058E-16,-2.082E-17,6.418E-17,0.162,0.167,-1.735E-18,6.251E-19,2.439E-19,-2.186E-18,0.667,0.329,-4.441E-16,1.906,12.208,5.837,1.906,-2.776E-17,-1.110E-16,9.311,4.948,2.923,14.922,4.397,1.491,14.580,22.233,10.735,8.836,2.662,6.491,0.427,0.214,3.034,-3.886E-16,30.618,2.367,1.534,21.328,1.615
Crab Cove,2012,-1.590E-17,0.274,2.974,0.661,0.965,2.256,-2.220E-16,0.248,0.122,8.327E-16,-9.351E-18,0.274,1.665E-16,-3.746E-18,0.126,1.006E-16,1.076E-16,6.281E-17,0.125,-1.735E-18,1.975E-18,2.530E-19,-1.331E-18,0.248,1.174,-2.193E-15,0.499,9.947,1.304,0.499,-5.204E-17,2.776E-17,7.029,2.851,4.307,15.935,8.454,1.182,16.177,29.073,18.823,7.353,2.897,3.635,3.608E-16,-3.469E-17,1.521,-5.759E-16,26.139,0.914,1.306,20.575,1.338
Crab Cove,2013,-1.236E-17,0.368,3.321,1.282,-3.331E-16,1.848,0.000,0.928,3.053E-16,-2.776E-17,2.367E-30,1.527E-16,1.665E-16,-4.770E-18,-1.110E-16,2.429E-17,3.643E-17,-5.573E-17,0.181,2.364E-17,8.674E-19,4.049E-19,-1.301E-18,0.368,0.357,1.515,0.767,10.178,1.336,0.767,2.914E-16,0.758,10.049,9.591,4.660,18.389,7.359,0.901,11.730,19.508,9.872,7.271,2.366,4.604,0.420,0.391,2.130,0.758,26.359,2.474,1.306,20.282,1.922
Crab Cove,2014,4.337E-19,1.696,5.894,1.100,-4.441E-16,0.505,-5.551E-17,1.549,0.498,0.298,3.061E-18,9.714E-17,-2.776E-17,1.933E-17,-5.204E-17,6.245E-17,7.286E-17,3.614E-18,0.249,1.863E-17,1.764E-18,-4.698E-19,-1.590E-18,0.546,0.546,0.298,1.602,14.779,7.105E-15,1.602,3.232E-16,0.298,9.923,2.220E-16,2.299,26.071,11.765,2.442,10.487,17.561,3.380,12.631,1.549,6.994,3.712E-16,4.857E-17,2.608,4.302E-16,36.650,7.772E-16,2.065,28.636,0.795
Crab Cove,2015,-1.590E-17,-3.053E-16,2.499,1.592,-2.220E-16,2.306,-2.220E-16,1.332E-15,2.776E-16,8.465E-16,-1.105E-17,1.596E-16,1.110E-16,-3.262E-18,-2.510E-16,9.714E-17,1.055E-16,5.949E-17,0.460,2.049E-17,1.854E-18,1.988E-19,-1.263E-18,0.225,0.454,0.913,1.837,9.829,4.219E-15,1.837,2.012E-16,0.457,10.560,13.040,4.574,13.664,7.048,2.665E-15,10.314,28.016,11.481,15.611,0.923,4.091,4.044E-16,5.551E-17,1.592,0.457,16.939,1.499E-15,1.364,11.782,0.228
Crab Cove,2016,-8.854E-17,0.122,4.425,2.125,1.110E-16,2.775,2.220E-16,1.315,0.117,0.230,2.329E-16,6.176E-16,-1.776E-15,3.039E-17,6.650E-16,-6.106E-16,-4.323E-16,-4.542E-16,0.363,-3.268E-16,1.046E-17,4.246E-18,-1.799E-17,0.834,0.473,1.925,2.537,16.756,7.650,2.537,1.527E-16,1.441,6.563,1.773,5.626,20.596,11.420,0.826,4.837,18.544,10.664,7.057,0.823,6.550,-1.543E-15,0.121,2.039,0.484,28.811,0.721,2.407,20.693,1.071
Grand Ghut,1992,0.556,-5.551E-16,1.111,4.708,-3.331E-16,1.382,5.551E-16,0.826,-1.388E-16,7.772E-16,6.939E-18,1.596E-16,5.551E-17,8.674E-19,1.554E-15,-8.327E-17,1.041E-17,1.984E-17,3.886E-16,-3.643E-17,-8.674E-19,-3.320E-19,-3.469E-18,1.657,-9.437E-16,0.278,1.938,12.456,8.033,1.938,1.405E-16,0.278,2.206,33.253,3.049,14.387,2.500,4.157,1.667,6.657,1.243E-14,2.500,4.157,5.820,4.989,3.886E-16,4.989,3.192E-16,24.562,3.875,2.493,20.390,1.938
Grand Ghut,1993,-3.296E-17,2.220E-15,0.716,5.704,1.110E-16,1.002,2.220E-16,2.112,0.141,0.144,-3.469E-18,1.110E-16,2.220E-16,0.146,-1.554E-15,0.138,4.684E-17,2.103E-17,0.141,-1.041E-17,-6.163E-32,-6.099E-20,-3.903E-18,0.425,-8.882E-16,-2.220E-16,2.140,12.810,6.997,2.140,2.220E-16,3.109E-15,0.290,5.484,8.354,23.156,23.674,3.862,2.312,5.263,1.005,3.701,0.558,6.420,2.220E-16,-4.857E-17,3.832,4.372E-16,45.906,2.694,1.271,38.835,7.496
Grand Ghut,1994,0.292,0.292,1.760,4.989,-5.551E-17,2.357,1.665E-16,4.694,0.292,-1.776E-15,-3.469E-17,-1.110E-16,0.585,-1.206E-16,-9.992E-16,0.877,-4.337E-17,2.331E-17,8.882E-16,0.292,-8.674E-19,2.982E-19,-3.469E-18,2.639,4.996E-16,0.295,2.347,21.712,2.352,2.347,1.041E-16,0.295,4.691,4.981,7.331,19.927,17.880,3.232,1.762,6.756,5.876,0.587,0.292,6.748,-5.204E-16,0.585,2.342,4.788E-16,34.121,4.101,2.347,29.999,5.863
Grand Ghut,1995,-3.816E-17,-2.061E-15,1.133,5.694,0.282,1.987,0.290,5.103,0.572,0.870,-4.448E-16,-2.452E-16,3.553E-15,3.123E-17,-1.057E-15,0.282,-5.551E-17,2.342E-17,1.135,0.572,-8.674E-19,4.879E-19,-3.469E-18,2.250,-5.551E-16,0.290,5.685,26.146,-1.066E-14,5.685,2.400E-16,0.290,1.125,6.508,11.121,5.680,4.255,1.417,0.565,23.626,11.964,7.702,3.960,6.827,1.135,0.282,11.910,2.012E-16,10.994,4.245,3.120,9.393,4.861
Grand Ghut,1996,-6.592E-17,0.330,1.272,7.766,-5.551E-16,4.947,7.772E-16,4.429,1.226,1.332E-15,3.331E-16,1.110E-16,9.992E-16,4.337E-17,0.295,0.601,0.612,3.459E-17,2.170,0.931,2.168E-18,7.318E-19,-2.602E-18,2.167,5.551E-16,6.661E-16,4.348,31.093,-1.066E-14,4.348,8.882E-16,3.886E-16,-3.553E-15,2.130,3.358,5.915,8.697,3.418,0.330,21.964,9.885,5.928,6.151,9.038,0.955,0.636,9.195,3.331E-16,20.946,7.071,6.194,19.582,-5.329E-15
Grand Ghut,1997,-7.980E-17,-1.395E-15,2.878,8.642,-1.665E-16,4.505,-2.220E-16,1.228,0.303,-3.331E-16,-4.857E-17,-1.897E-16,-1.665E-16,3.296E-17,-5.390E-16,0.893,-5.868E-16,5.660E-17,1.858,0.654,8.674E-19,4.195E-17,-3.036E-18,2.200,6.106E-16,0.303,7.343,30.807,-1.066E-14,7.343,2.400E-16,0.303,1.515,0.606,11.425,5.836,3.939,1.873,5.329E-15,20.363,7.893,11.847,0.622,11.520,3.539E-16,0.606,9.583,4.718E-16,14.305,6.864,5.963,13.156,3.420
Grand Ghut,1998,-5.204E-17,-2.220E-16,1.104,4.686,1.665E-16,3.315,-5.551E-17,4.126,1.107,0.551,-2.082E-17,-1.665E-16,4.163E-16,1.422E-16,-1.110E-16,0.278,9.021E-17,2.841E-17,0.551,0.275,6.288E-17,7.635E-19,-1.735E-18,1.373,1.665E-16,0.556,3.852,21.773,-1.599E-14,3.852,3.574E-16,0.556,3.306,6.661E-16,8.249,6.068,5.785,3.308,0.549,28.392,21.243,0.824,6.325,5.790,0.546,-6.245E-17,10.182,2.984E-16,25.349,7.441,4.948,20.953,3.295
Grand Ghut,1999,-4.857E-17,1.214E-15,2.214,5.083,-1.110E-16,3.964,2.220E-16,4.475,-4.441E-16,0.870,-3.123E-17,0.000,-3.331E-16,4.337E-17,-7.772E-16,-7.633E-17,1.110E-16,0.290,0.572,-1.041E-17,2.031E-18,2.485E-19,-3.036E-18,0.853,2.220E-16,0.546,4.516,23.109,0.563,4.516,4.996E-16,0.273,3.655,-1.110E-15,5.926,5.960,5.662,1.689,0.546,32.927,6.205,18.292,8.430,7.296,2.776E-16,-2.220E-16,8.771,0.273,16.256,8.670,2.520,13.689,1.691
Grand Ghut,2000,-5.204E-17,0.273,1.100,6.355,-5.551E-17,5.823,3.331E-16,4.457,0.275,1.130,-1.665E-16,2.220E-16,9.021E-17,4.077E-17,-1.729E-16,0.822,5.551E-17,1.984E-17,1.665,5.204E-18,2.901E-18,1.016E-18,-2.168E-18,1.665,3.331E-16,-1.332E-15,7.499,30.782,-1.066E-14,7.217,0.282,-1.554E-15,3.040,-2.887E-15,6.928,6.393,4.691,2.510,3.553E-15,26.591,1.389,12.736,12.465,7.455,1.110E-16,6.245E-17,9.963,-2.442E-15,11.159,5.526,3.577,9.269,2.774
Grand Ghut,2001,3.469E-18,0.000,1.458,6.549,-4.996E-16,2.033,4.441E-16,2.033,-1.110E-16,8.882E-16,-8.327E-17,2.776E-16,2.220E-16,6.245E-17,3.331E-16,0.282,5.551E-17,4.283E-17,7.216E-16,3.469E-17,1.193E-18,1.039E-19,-2.168E-18,-3.553E-15,-2.220E-16,0.578,2.846,15.779,0.298,2.846,-1.665E-16,0.578,3.434,7.783,3.991,6.536,10.003,1.718,0.863,37.916,20.450,14.616,2.850,8.007,3.539E-16,0.282,5.387,1.874E-16,21.611,5.151,0.860,18.616,2.850
Grand Ghut,2002,-7.806E-17,-5.551E-16,1.440,8.493,-3.331E-16,1.486,-1.776E-15,6.691,5.551E-17,0.601,-3.123E-17,2.776E-17,-2.220E-16,-5.464E-17,2.432E-17,3.469E-17,5.551E-17,1.279E-17,0.601,1.908E-17,2.851E-18,1.016E-18,-3.079E-17,0.855,4.441E-16,0.886,2.895,23.947,-7.105E-15,2.895,-3.109E-15,0.886,3.480,-1.998E-15,7.469,6.329,7.785,3.827,3.553E-15,32.971,6.152,20.428,6.391,9.933,7.772E-16,-3.886E-16,7.561,-1.554E-15,22.949,3.989,2.641,20.162,4.335
Grand Ghut,2003,-5.898E-17,-6.245E-17,2.816,6.192,-2.776E-16,2.816,-2.165E-15,2.255,0.278,-1.110E-16,-3.123E-17,4.210E-16,3.331E-16,-7.806E-18,-8.322E-17,-3.469E-17,1.769E-16,1.800E-17,0.285,-1.041E-17,9.334E-19,6.635E-20,-3.228E-18,0.850,2.220E-16,0.565,4.527,19.449,3.553E-15,3.675,0.852,0.282,1.667,-4.441E-16,6.733,10.975,7.910,4.242,8.882E-15,27.646,0.565,18.909,8.171,9.007,2.047E-16,-2.359E-16,11.270,0.282,22.628,7.568,2.540,19.126,3.355
Grand Ghut,2004,-3.643E-17,1.665E-16,1.513,6.736,-5.551E-17,2.617,2.082E-17,1.638,1.110E-15,1.311E-15,-1.735E-18,3.331E-16,2.498E-16,3.990E-17,-5.551E-17,-1.943E-16,-3.331E-16,1.665E-16,0.551,2.949E-17,1.536E-18,7.036E-19,-1.193E-18,0.411,0.140,0.953,2.739,17.026,0.273,2.739,8.327E-17,0.680,4.554,5.918,6.995,8.516,9.492,2.880,-1.776E-15,27.993,8.242,12.887,6.864,8.249,2.151E-16,0.140,9.756,0.273,23.392,5.222,1.235,19.269,5.353
Grand Ghut,2005,-2.602E-17,0.278,0.811,7.616,0.260,1.608,-4.996E-16,3.007,6.014E-17,0.260,-2.255E-17,1.989E-16,6.661E-16,3.123E-17,3.863E-16,0.275,6.765E-17,0.260,0.551,-6.418E-17,1.120E-18,3.704E-19,-2.982E-18,-7.216E-16,0.553,1.102,2.113,18.145,-7.105E-15,2.113,-1.353E-16,0.551,7.723,7.361,9.322,8.382,5.373,1.350,0.521,25.202,5.167,14.885,5.151,8.427,3.157E-16,1.180E-16,9.840,0.551,15.066,5.188,1.593,12.266,4.136
Grand Ghut,2006,-5.031E-17,0.093,0.645,4.807,6.661E-16,2.500,2.220E-16,1.296,0.277,0.184,-2.255E-17,4.163E-16,4.441E-16,2.429E-17,2.744E-17,-1.110E-16,1.076E-16,4.337E-17,0.461,0.093,1.741E-18,8.056E-19,-1.933E-18,-2.220E-16,0.185,0.552,3.795,14.612,0.555,3.703,0.092,0.368,4.168,9.322,5.638,8.426,4.637,1.851,0.738,35.985,11.031,15.711,9.242,5.452,0.837,0.000,8.891,0.184,15.534,3.883,0.833,12.912,4.433
Grand Ghut,2007,-7.633E-17,-4.510E-16,1.282,4.460,-5.551E-17,1.710,0.212,2.688,4.441E-16,1.332E-15,-6.418E-17,-1.388E-17,2.220E-16,1.995E-17,-1.269E-17,0.221,9.888E-17,9.975E-18,6.384E-16,5.204E-18,1.983E-18,1.016E-18,-4.588E-18,-1.166E-15,0.609,0.397,2.040,13.619,4.571,2.040,1.926E-16,0.397,6.149,6.362,3.901,16.827,18.525,3.901,0.212,18.207,5.622,7.189,5.396,5.742,1.110E-16,0.212,3.834,3.331E-16,36.721,3.057,0.623,23.194,2.057
Grand Ghut,2008,-5.204E-17,-2.706E-16,0.837,5.248,1.665E-16,2.127,1.665E-16,2.110,3.608E-16,1.117E-15,-3.296E-17,-5.551E-17,9.714E-17,1.301E-17,-1.170E-17,1.388E-17,5.031E-17,2.103E-17,0.621,1.908E-17,2.445E-18,7.273E-19,-4.087E-18,0.447,4.441E-16,-8.882E-16,2.127,13.518,-1.066E-14,2.127,-8.327E-17,8.882E-16,4.822,-2.887E-15,0.635,19.443,12.688,4.006,5.329E-15,38.588,16.748,16.435,5.405,6.085,1.943E-16,-1.665E-16,3.185,3.192E-16,32.405,2.702,0.412,20.451,1.776E-15
Grand Ghut,2009,-4.857E-17,4.788E-16,0.931,3.536,2.220E-16,1.743,5.551E-17,1.642,0.335,7.494E-16,-4.163E-17,1.527E-16,1.388E-16,2.342E-17,0.000,-2.082E-17,4.163E-17,-8.999E-18,1.082E-15,1.735E-18,4.032E-19,1.423E-18,-2.684E-18,-8.882E-16,0.000,0.175,1.547,9.908,-4.885E-15,1.547,-2.342E-16,0.175,7.995,-1.554E-15,7.650,17.473,15.805,3.156,-5.329E-15,43.919,20.304,19.946,3.669,4.467,3.469E-17,8.327E-17,3.155,8.327E-17,33.170,1.495,0.498,22.118,3.652
Grand Ghut,2010,-4.337E-17,6.314E-16,1.171,5.160,0.228,1.647,4.996E-16,2.123,0.238,0.685,-3.816E-17,-1.943E-16,5.829E-16,0.238,4.377E-17,-4.857E-17,1.180E-16,-1.388E-16,0.238,-4.684E-17,1.807E-18,5.048E-19,-2.259E-18,0.228,-7.105E-15,0.238,2.599,14.795,0.000,2.599,9.714E-16,0.238,8.940,0.238,1.628,19.765,16.562,6.588,1.954E-14,22.127,4.912,15.577,1.637,6.331,0.238,0.228,6.093,-9.992E-16,39.936,2.342,0.695,28.222,1.628
Grand Ghut,2011,0.487,0.454,0.470,4.012,1.665E-16,2.131,2.220E-16,2.124,5.042E-16,0.243,3.469E-18,2.429E-16,3.886E-16,2.377E-17,-6.217E-17,0.227,1.214E-16,1.395E-17,7.494E-16,-3.816E-17,1.420E-18,7.906E-19,-1.916E-18,-5.551E-16,0.243,0.966,1.663,12.536,1.776E-15,1.663,-7.112E-17,0.483,6.041,1.903,1.913,25.903,15.930,5.992,-1.776E-15,24.493,9.177,15.316,2.276E-15,4.482,-4.163E-17,-1.388E-17,3.121,0.483,35.931,1.700,0.468,25.476,0.730
Grand Ghut,2012,-5.146E-17,0.502,0.114,4.002,4.441E-16,2.527,-5.551E-17,1.068,0.118,8.327E-16,-3.422E-17,2.914E-16,1.110E-16,8.903E-18,-6.371E-17,2.429E-17,9.714E-17,-4.337E-19,1.832E-15,3.296E-17,2.084E-18,7.273E-19,-4.299E-18,-1.173E-15,0.271,0.382,2.310,11.159,-4.441E-15,2.310,8.327E-17,0.248,2.789,10.153,4.583,17.499,8.147,1.827,-2.665E-15,27.663,16.467,9.842,1.354,4.116,1.874E-16,4.857E-17,11.216,0.134,26.411,2.912,1.509,20.602,1.924
Grand Ghut,2013,-2.754E-17,5.829E-16,0.693,2.300,-2.220E-16,2.518,1.665E-16,1.381,0.228,0.690,-3.477E-17,1.712E-16,3.331E-16,1.890E-17,-8.558E-17,1.041E-17,1.162E-16,4.583E-17,0.231,2.067E-17,8.312E-19,-2.773E-19,-3.325E-18,-9.437E-16,0.924,-1.665E-16,3.458,12.424,4.143,3.458,4.759E-16,8.049E-16,1.831,16.040,3.678,26.412,10.361,4.844,-1.066E-14,10.829,6.675,2.998,1.156,2.993,-1.262E-29,-1.735E-16,5.524,2.845E-16,37.053,1.616,2.299,25.562,2.530
Grand Ghut,2014,-6.823E-17,2.220E-16,0.482,3.530,-1.110E-16,3.582,0.227,1.631,0.494,0.454,-1.768E-17,2.776E-16,3.331E-16,2.459E-17,-7.464E-17,-7.286E-17,6.072E-17,2.768E-17,0.935,3.813E-18,1.249E-18,-4.292E-19,-4.915E-18,-5.274E-16,0.227,0.235,2.579,14.375,7.105E-15,2.579,-1.943E-16,0.235,4.445,-4.441E-16,4.943,19.362,16.512,4.736,1.776E-15,24.099,16.031,5.238,2.829,4.012,2.776E-17,1.388E-17,5.190,-9.714E-17,39.703,5.169,1.170,28.000,2.813
Grand Ghut,2015,-5.146E-17,-1.457E-16,0.473,2.588,0.685,3.048,2.776E-16,1.875,0.233,9.159E-16,-3.169E-17,9.021E-17,3.331E-16,1.633E-17,-8.059E-17,0.228,1.001E-16,8.963E-18,0.696,3.263E-17,1.629E-18,6.731E-19,-3.617E-18,-9.437E-16,0.708,1.654,4.691,15.927,4.710,4.451,0.240,0.941,2.335,4.909,5.375,22.402,16.302,4.451,0.228,15.605,5.339,9.113,1.153,3.061,2.087E-16,9.714E-17,3.309,0.713,46.101,3.296,1.151,32.438,2.332
Grand Ghut,2016,4.013E-16,-1.287E-14,0.488,2.682,0.487,3.661,1.776E-15,1.220,0.242,3.664E-15,5.549E-16,2.630E-15,3.053E-15,2.545E-16,2.075E-15,1.353E-15,5.565E-16,-2.942E-17,0.734,4.830E-16,-3.469E-17,-4.580E-17,5.839E-18,2.240E-14,0.243,0.977,3.643,14.129,9.545,3.643,-7.442E-16,0.730,4.172,7.105E-15,6.815,21.014,16.557,4.879,-9.948E-14,16.580,4.639,10.971,0.970,3.170,-2.481E-15,1.429E-15,3.394,0.247,51.312,2.673,0.242,37.560,4.859
Guana Head,1992,-1.865E-17,0.278,5.925,5.157,-3.886E-16,3.577,3.886E-16,6.050,-5.829E-16,2.082E-15,-3.643E-17,0.140,0.140,0.140,6.083E-16,-1.041E-17,1.735E-18,-9.541E-18,-5.551E-17,-1.214E-17,-6.163E-32,-4.879E-19,-1.301E-18,1.676,0.698,5.737,2.147,34.537,17.549,2.147,-3.417E-16,5.316,0.909,-8.882E-16,2.468,21.232,2.451,5.687,7.753,0.591,0.174,-7.105E-15,0.418,11.082,5.138,0.278,5.138,0.420,31.568,-1.665E-16,1.078,36.554,1.128
Guana Head,1993,-9.541E-18,1.116,9.933,4.902,0.139,3.110,6.106E-16,1.669,0.849,4.056,2.082E-17,0.139,0.139,0.139,0.417,-8.674E-18,3.944E-31,3.101E-17,-4.163E-16,2.082E-17,1.735E-18,-2.439E-19,-2.168E-18,5.802,-1.221E-15,4.499,4.801,41.018,4.654,4.110,0.691,4.499,0.139,0.000,3.941,24.729,7.513,7.731,3.647,2.680,0.996,1.407,0.277,14.836,2.220E-16,-1.110E-16,0.416,2.685E-15,35.830,0.832,1.974,30.202,2.545
Guana Head,1994,-4.120E-18,0.585,15.366,8.132,5.551E-17,6.077,1.665E-16,1.162,0.870,4.330,-2.255E-17,9.761E-16,0.585,-1.561E-17,0.575,7.633E-17,0.580,-4.933E-18,-2.220E-16,1.735E-17,8.674E-19,-3.524E-19,-1.301E-18,6.675,1.442,5.213,14.471,60.855,1.154,9.266,5.205,5.213,2.039,0.000,2.314,5.220,2.916,6.092,3.488,6.959,4.928,0.580,1.452,23.497,-6.245E-17,0.290,1.437,9.506E-16,27.027,5.203,2.032,23.487,0.867
Guana Head,1995,-1.019E-17,1.401,9.730,4.629,0.280,6.929,6.661E-16,4.334,1.452,4.305,4.441E-16,0.280,0.567,6.418E-17,0.862,-1.648E-17,1.157,-4.125E-17,5.551E-16,-3.990E-17,-3.698E-32,-2.439E-19,-8.674E-19,10.409,6.661E-16,4.313,12.318,59.230,0.840,8.580,3.738,4.313,0.862,0.287,6.296,2.587,1.732,2.898,7.776,10.297,6.567,3.169,0.560,14.359,0.870,0.287,2.315,1.110E-16,16.902,2.278,2.315,14.767,3.126
Guana Head,1996,-1.106E-17,0.560,9.071,5.741,0.560,5.031,2.220E-16,4.351,1.166,2.922,-2.783E-16,0.583,0.580,0.603,8.304E-16,-2.654E-16,0.280,1.653E-17,-3.608E-16,-7.112E-17,4.337E-19,1.897E-19,-9.244E-33,7.022,0.886,9.990,11.782,52.002,2.044,7.648,4.134,4.995,1.166,0.280,2.021,5.601,9.152,4.735,3.279,11.225,3.857,6.482,0.886,14.813,4.268E-16,0.580,0.280,4.995,24.444,4.377,2.953,21.742,-8.882E-16
Guana Head,1997,-6.939E-18,1.700,11.686,5.423,-1.665E-16,3.989,2.220E-16,5.986,1.137,5.689,-2.776E-17,0.282,0.565,-1.648E-17,0.282,0.282,0.282,-2.505E-17,-5.551E-16,5.031E-17,1.735E-18,9.658E-18,-1.735E-18,5.993,0.000,4.274,11.689,54.419,0.855,7.702,3.986,3.419,0.572,1.332E-15,3.412,5.126,5.128,1.994,2.572,18.824,10.264,7.985,0.575,17.109,0.567,1.110E-16,2.557,0.855,13.493,2.552,1.990,11.539,2.265
Guana Head,1998,2.168E-18,2.220,10.860,8.323,0.556,5.285,5.551E-17,2.787,0.282,1.954,-3.643E-17,1.954,0.843,1.665E-16,0.278,-1.214E-17,0.282,1.870E-17,0.282,3.196E-16,3.600E-17,1.147E-18,-2.168E-18,5.556,0.000,5.878,11.740,52.353,0.282,6.982,4.758,3.908,0.847,2.220E-16,1.678,6.415,6.957,3.063,0.836,19.785,18.394,0.278,1.114,19.183,1.648E-15,-1.041E-16,1.384,1.970,21.345,4.172,2.227,17.902,1.396
Guana Head,1999,-4.987E-18,0.407,11.483,6.765,0.271,4.291,5.551E-16,3.592,1.026,2.689,-1.041E-17,1.282,0.280,8.066E-17,0.433,0.136,2.082E-17,-5.638E-18,0.578,3.643E-17,1.254E-18,3.433E-19,-8.674E-19,6.362,0.897,10.537,16.065,56.876,0.136,9.868,6.197,6.517,0.435,-1.776E-15,3.068,3.053,3.386,4.082,6.291,13.896,12.694,0.153,1.049,18.248,0.447,2.220E-16,4.973,4.019,12.867,0.867,2.347,11.230,1.032
Guana Head,2000,-8.457E-18,0.551,16.544,7.333,0.826,4.462,3.331E-16,7.533,0.843,4.206,2.213E-16,0.841,1.118,4.510E-17,0.275,-6.765E-17,-8.724E-17,-3.605E-17,0.833,3.990E-17,1.194E-18,2.439E-19,-8.674E-19,2.246,1.332E-15,10.762,13.564,61.750,3.362,8.758,4.807,5.381,1.674,1.110E-15,3.930,2.486,2.225,2.515,2.522,10.897,1.394,7.280,2.223,23.876,0.838,0.278,3.066,5.381,6.997,3.913,1.382,5.888,0.852
Guana Head,2001,-1.626E-17,0.282,12.711,6.762,0.567,4.497,2.220E-16,1.973,0.418,2.842,-5.551E-17,0.999,1.145,0.139,0.698,2.776E-17,0.555,9.487E-18,0.292,2.082E-17,9.035E-19,6.325E-19,-2.602E-18,2.987,2.109,3.086,9.955,49.619,1.119,7.557,2.398,3.086,0.955,0.136,4.426,10.998,7.740,1.548,4.869,12.996,7.999,4.310,0.688,19.473,4.302E-16,-1.318E-16,1.389,7.147E-16,20.565,1.960,2.244,27.585,1.795
Guana Head,2002,-8.457E-18,0.287,12.852,10.576,-5.551E-17,2.938,-2.609E-15,1.997,0.306,0.857,-1.041E-17,1.165,0.285,-6.505E-17,-1.162E-16,1.908E-17,0.285,8.473E-17,0.287,2.255E-17,1.387E-18,2.439E-19,-2.992E-17,0.570,3.823,6.978,12.800,47.881,0.881,7.592,5.208,4.061,2.658,0.575,4.066,4.974,7.293,3.554,7.328,14.689,7.949,2.660,4.080,23.428,4.268E-16,0.570,2.310,2.917,12.649,0.570,2.368,11.116,0.878
Guana Head,2003,-7.373E-18,0.980,13.856,9.039,0.570,3.428,-2.220E-15,2.842,0.567,2.141,-6.939E-18,2.147,0.711,-4.250E-17,8.674E-18,3.643E-17,0.141,3.860E-17,0.140,5.204E-18,1.494E-18,1.612E-19,-2.842E-18,3.542,1.990,7.229,8.274,50.924,0.563,4.566,3.708,4.264,0.985,-1.110E-15,3.995,8.925,6.779,3.958,2.414,13.936,3.975,8.097,1.863,22.896,0.710,-2.220E-16,2.983,2.965,18.357,2.274,2.265,15.552,0.726
Guana Head,2004,3.469E-18,0.692,12.210,6.246,0.553,3.468,1.665E-16,4.019,0.554,0.971,-2.367E-30,0.970,0.139,7.893E-17,1.087E-16,-1.573E-16,0.275,-1.876E-16,0.416,3.123E-17,1.608E-18,-6.889E-20,-1.048E-18,2.910,0.975,7.362,8.056,43.844,0.558,5.279,2.777,4.168,3.191,-6.661E-16,5.270,6.793,7.625,3.192,7.896,14.568,7.760,1.947,3.054,18.455,0.277,0.140,2.631,3.195,20.230,2.219,1.798,16.819,1.803
Guana Head,2005,-8.240E-18,0.554,13.673,7.351,-1.110E-16,1.519,-4.441E-16,3.333,0.691,1.670,-1.214E-17,0.821,1.394,4.770E-17,0.000,1.301E-17,4.163E-17,4.375E-17,5.551E-16,1.301E-16,8.312E-19,6.099E-19,-2.403E-18,2.489,2.069,12.334,8.548,48.977,0.277,5.098,3.450,8.315,2.347,3.892,4.545,4.843,4.296,2.482,11.047,10.642,2.609,5.531,2.503,21.024,0.411,0.285,2.492,4.019,11.897,2.495,1.380,9.898,0.679
Guana Head,2006,-6.288E-18,0.517,10.816,6.569,0.927,3.516,1.665E-16,1.558,0.416,2.388,-1.908E-17,0.413,0.728,3.036E-17,-1.076E-16,-8.674E-19,-6.939E-18,0.109,0.310,0.103,1.735E-18,-3.524E-19,-1.518E-18,0.103,1.037,5.224,8.001,38.894,4.569,5.410,2.591,3.974,1.876,0.109,3.724,4.667,3.335,2.500,6.869,28.247,6.857,18.370,3.020,17.385,0.315,-1.318E-16,2.492,1.250,10.931,0.739,1.876,9.149,0.935
Guana Head,2007,-7.806E-18,1.361,8.685,4.344,0.907,2.735,2.220E-16,1.601,0.687,1.594,-5.551E-17,1.140,0.227,2.949E-17,-9.021E-17,7.980E-17,1.058E-16,1.713E-17,-1.388E-16,4.510E-17,1.387E-18,-4.518E-20,-2.733E-18,1.597,2.220E-15,8.456,3.200,33.561,3.875,2.741,0.458,5.942,3.656,-2.665E-15,3.425,15.976,10.970,4.806,3.875,15.526,3.878,7.072,4.576,13.030,1.388E-16,-2.082E-17,2.288,2.513,33.019,1.134,0.909,22.600,0.913
Guana Head,2008,-1.626E-17,1.282,8.763,2.750,0.414,2.467,2.220E-16,0.204,0.619,3.098,-1.041E-17,0.227,0.412,3.730E-17,-7.112E-17,9.021E-17,0.207,0.207,0.412,4.684E-17,1.596E-18,-4.518E-20,-2.648E-18,0.454,0.865,4.705,4.367,30.545,-8.882E-15,3.460,0.907,4.705,1.279,-3.775E-15,1.277,17.069,10.785,7.022,1.848,27.035,17.185,5.525,4.325,11.514,1.665E-16,-2.914E-16,0.821,2.345E-15,32.428,1.888,0.434,20.710,0.227
Guana Head,2009,-1.128E-17,1.176,6.794,4.955,0.295,0.740,4.996E-16,0.870,0.817,2.865,-1.041E-17,0.267,5.551E-17,4.510E-17,-5.551E-17,2.082E-17,6.765E-17,-2.982E-18,0.189,5.204E-18,1.763E-18,-2.168E-19,-1.083E-18,1.793,1.176,4.527,3.948,30.412,0.669,3.948,-9.125E-16,4.527,4.124,0.110,5.044,17.997,10.236,7.232,3.561,37.471,11.452,19.678,6.340,11.749,1.388E-16,-6.939E-17,0.667,0.000,34.459,1.560,0.333,22.999,2.691
Guana Head,2010,1.778E-17,1.399,8.204,7.738,0.466,3.976,3.331E-16,0.469,0.235,3.039,-1.735E-17,9.206E-16,3.053E-16,0.235,8.674E-18,1.648E-17,6.592E-17,-4.885E-17,0.235,-3.469E-18,1.229E-18,5.997E-19,-2.620E-18,0.233,0.701,6.560,4.212,37.235,0.235,3.979,0.233,6.327,2.344,-2.887E-15,2.804,18.960,10.787,7.970,1.638,13.812,8.190,5.622,1.582E-15,15.943,9.021E-17,-4.857E-16,2.220E-16,0.233,36.496,2.342,1.170,25.641,0.235
Guana Head,2011,-1.587E-16,3.855,7.497,3.867,0.454,2.499,-5.551E-17,1.138,0.227,5.445,1.388E-17,0.227,1.110E-16,5.363E-17,0.227,-4.857E-17,-4.163E-17,-1.691E-17,3.331E-16,3.816E-17,1.980E-18,1.175E-18,-2.758E-18,1.819,1.587,6.820,6.593,39.074,8.410,5.456,1.137,4.776,4.106,2.049,2.277,16.134,4.554,5.233,4.086,9.080,1.814,6.812,0.454,11.364,0.227,1.665E-16,2.045,2.044,34.286,2.272,0.680,23.408,0.912
Guana Head,2012,-1.012E-17,2.705,7.460,4.538,0.865,3.090,5.551E-17,1.143,0.611,1.233,-9.604E-18,0.117,0.111,4.629E-17,-1.318E-16,4.510E-17,1.093E-16,3.975E-18,0.509,4.163E-17,1.569E-18,-4.518E-20,-1.959E-18,0.560,2.301,9.250,6.424,36.041,2.516,4.473,1.951,6.325,0.843,0.486,4.636,13.109,5.741,4.282,4.765,19.496,8.485,8.761,2.250,11.998,1.318E-16,-3.469E-17,2.343,2.925,27.307,2.250,3.492,21.712,0.338
Guana Head,2013,-2.385E-18,1.041E-15,7.400,4.871,-3.886E-16,2.312,3.886E-16,1.159,0.693,4.609,-1.641E-17,7.633E-16,0.233,3.350E-17,-1.249E-16,3.383E-17,1.908E-17,-7.589E-18,0.463,1.662E-17,2.060E-18,3.958E-19,-1.952E-18,1.156,0.921,7.425,5.556,34.013,2.085,4.631,0.924,5.565,2.780,0.465,3.469,22.233,11.594,5.316,4.164,7.634,2.773,4.164,0.698,12.271,-6.939E-18,0.233,1.853,1.860,42.466,1.849,2.313,29.507,2.665E-15
Guana Head,2014,NA,NA,NA,NA,NA,NA,NA,NA,NA,NA,NA,NA,NA,NA,NA,NA,NA,NA,NA,NA,NA,NA,NA,NA,NA,NA,NA,NA,NA,NA,NA,NA,NA,NA,NA,NA,NA,NA,NA,NA,NA,NA,NA,NA,NA,NA,NA,NA,NA,NA,NA,NA,NA
Guana Head,2015,-1.012E-17,6.661E-16,14.102,2.967,-3.331E-16,2.480,2.220E-16,1.242,0.498,1.729,-1.293E-17,3.886E-16,4.996E-16,4.103E-17,-9.483E-17,6.187E-17,1.102E-16,4.120E-18,-4.441E-16,4.036E-17,1.439E-18,-9.939E-20,-2.465E-18,0.741,0.988,7.866,5.676,35.841,8.164,5.433,0.243,5.662,1.471,0.247,5.168,17.297,7.648,3.929,6.178,10.851,2.709,7.899,0.243,17.069,1.647E-16,-4.857E-17,0.744,2.204,22.390,1.235,1.227,16.583,3.553E-15
Guana Head,2016,3.903E-17,1.491,7.869,4.018,0.340,4.010,6.661E-16,0.254,0.998,3.525,2.785E-16,0.123,2.470E-15,3.056E-17,2.070E-15,1.035E-16,8.742E-16,-1.200E-17,0.343,-3.404E-16,-3.790E-18,2.864E-18,2.354E-18,1.057,2.232,5.087,4.870,33.811,5.294,4.522,0.348,3.029,1.559,0.121,6.672,19.516,7.374,1.719,1.983,14.375,5.514,8.036,0.825,11.887,6.168E-16,1.200E-15,1.573,2.058,28.052,1.728,4.276,20.302,0.844
Monkey Pt,1992,-3.659E-17,-5.551E-16,0.796,0.260,-1.665E-16,1.630,4.441E-16,-4.441E-16,-3.608E-16,6.661E-16,-2.082E-17,-8.327E-17,0.000,-2.949E-17,-1.110E-15,0.275,-3.469E-17,1.346E-17,-1.110E-16,1.735E-17,-4.337E-19,-4.676E-19,-8.674E-19,4.441E-16,6.661E-16,-3.400E-16,-2.776E-15,2.962,13.561,1.665E-15,-8.160E-17,1.457E-16,10.538,-5.773E-15,2.689,21.936,2.129,2.133,19.587,21.229,6.217E-15,21.229,1.166E-15,1.057,1.350,3.331E-16,1.350,1.596E-16,23.558,1.057,0.831,19.086,1.352
Monkey Pt,1993,-5.746E-18,3.553E-15,0.710,0.140,-5.551E-17,1.847,1.665E-16,0.145,0.145,-2.220E-16,-5.725E-17,1.388E-16,0.153,8.327E-17,0.137,0.293,3.990E-17,5.717E-17,0.140,5.204E-18,-4.337E-19,-2.101E-19,-2.602E-18,0.298,7.772E-16,1.110E-15,0.979,4.986,1.882,0.979,1.665E-16,8.882E-16,2.561,0.700,4.972,18.003,23.888,4.561,3.612,32.262,2.544,29.284,0.434,0.850,3.608E-16,0.145,0.140,7.355E-16,42.219,1.415,0.718,36.026,3.565
Monkey Pt,1994,8.132E-18,8.882E-16,0.553,-8.882E-16,-3.331E-16,1.984,2.220E-16,-5.551E-17,0.542,-1.776E-15,2.429E-17,-1.665E-16,2.082E-16,-4.770E-17,-1.110E-16,0.292,-1.527E-16,1.757E-17,0.292,5.898E-17,-8.674E-19,4.879E-19,-8.240E-18,0.271,6.661E-16,0.565,0.271,4.489,2.665E-15,0.271,-2.302E-16,0.282,2.277,0.585,10.430,18.245,28.537,3.331,9.493,18.707,0.565,17.859,0.282,0.553,-4.718E-16,-1.457E-16,1.105,0.282,40.144,1.412,1.389,33.629,4.791
Monkey Pt,1995,-7.562E-18,0.292,0.860,2.998E-15,-1.665E-16,4.616,1.166E-15,0.580,1.162,1.110E-16,-5.623E-17,0.290,1.332E-15,3.730E-17,-3.354E-16,1.437,-1.579E-16,-2.300E-17,0.575,0.582,-1.301E-18,-2.033E-19,-4.770E-18,0.865,1.221E-15,-2.776E-16,1.162,12.420,-7.105E-15,1.162,-1.203E-15,-8.604E-16,3.181,-7.772E-15,20.512,15.609,8.384,4.901,3.779,24.013,22.848,1.165,-1.610E-15,0.860,-9.055E-16,0.855,3.464,2.151E-16,24.143,1.155,1.444,20.988,7.799
Monkey Pt,1996,-7.264E-18,1.110E-16,2.649,0.292,-5.551E-16,1.439,1.443E-15,0.862,0.883,0.000,1.110E-16,0.306,-1.110E-16,-4.857E-17,-8.882E-16,0.591,-1.284E-16,5.024E-17,1.474,0.306,-4.337E-19,9.487E-19,-3.903E-18,0.855,3.331E-16,1.776E-15,0.306,9.963,-8.882E-15,0.306,-8.882E-16,9.437E-16,1.202,-5.773E-15,9.397,11.733,5.279,2.114,8.916,42.310,31.084,10.635,0.591,2.942,-4.441E-16,1.161,2.913,5.551E-16,13.503,3.559,1.168,11.993,-8.882E-16
Monkey Pt,1997,-9.649E-18,1.135,0.848,0.273,-1.110E-16,3.406,0.575,-1.166E-15,1.135,0.273,1.388E-17,0.575,-3.331E-16,1.648E-17,0.287,0.834,-5.868E-16,3.186E-17,1.135,4.337E-17,1.301E-18,5.154E-18,-9.975E-18,0.575,1.776E-15,1.305E-15,0.546,11.598,-5.329E-15,0.546,2.400E-16,8.882E-16,2.530,-5.329E-15,13.280,6.482,11.626,1.710,0.575,41.737,9.643,31.261,0.834,1.121,0.287,0.848,2.817,5.065E-16,16.876,5.361,1.437,14.244,3.090
Monkey Pt,1998,-4.066E-18,3.331E-16,0.816,-6.661E-16,-1.665E-16,1.356,1.665E-16,0.540,1.899,-1.110E-16,1.735E-18,1.457E-16,5.274E-16,6.418E-17,2.220E-16,-1.041E-16,1.076E-16,3.705E-17,6.939E-16,1.665E-16,2.168E-17,1.129E-19,-1.778E-17,0.262,3.331E-16,7.772E-16,0.538,5.411,-5.329E-15,0.538,4.087E-16,1.554E-15,1.358,-1.110E-15,11.982,10.342,17.377,2.211,-5.329E-15,42.066,28.837,12.967,0.262,0.816,1.110E-15,-2.082E-16,1.883,3.678E-16,22.768,5.738,1.631,18.450,4.879
Monkey Pt,1999,-8.647E-18,7.355E-16,0.553,0.282,5.551E-17,3.897,4.441E-16,0.847,0.553,4.441E-16,-2.367E-30,0.553,-5.551E-16,8.500E-17,-3.331E-16,-8.351E-17,-5.204E-18,7.854E-17,0.553,6.245E-17,1.426E-18,1.622E-18,-1.258E-17,0.271,1.554E-15,0.271,0.847,8.631,-7.105E-15,0.847,-6.661E-16,0.271,5.592,-5.107E-15,14.483,5.863,10.551,1.095,2.744,38.218,22.762,15.456,1.776E-15,0.836,0.000,-1.110E-16,4.745,2.845E-16,12.679,5.852,1.943,10.511,5.298
Monkey Pt,2000,-1.095E-17,0.275,1.667,-2.220E-16,-5.551E-17,1.377,4.441E-16,0.826,1.382,1.332E-15,5.551E-17,0.275,9.021E-17,5.204E-18,4.016E-17,0.275,-2.220E-16,4.643E-17,2.498E-16,3.469E-18,2.270E-19,1.233E-18,-1.431E-17,0.556,1.110E-15,-1.332E-15,0.275,6.910,-5.329E-15,0.275,-1.776E-15,-6.661E-16,0.836,-2.665E-15,14.114,5.818,9.964,1.107,0.551,54.907,33.005,21.902,-8.882E-16,1.667,2.637E-16,1.388E-17,1.382,-1.110E-15,18.265,4.137,0.275,15.172,1.107
Monkey Pt,2001,-1.269E-17,8.882E-16,1.130,8.882E-16,-1.110E-16,1.405,8.882E-16,0.280,0.285,3.331E-16,-1.110E-16,1.665E-16,-5.551E-17,4.857E-17,0.285,2.776E-17,-2.776E-16,4.464E-17,0.280,5.204E-18,8.312E-19,3.162E-20,-1.301E-17,1.776E-15,0.560,-2.220E-16,0.840,4.786,0.280,0.560,0.280,8.882E-16,7.877,1.125,6.201,14.662,14.358,1.975,8.181,34.341,25.359,7.858,1.125,1.130,3.539E-16,-1.943E-16,1.420,6.037E-16,24.272,3.665,1.130,20.561,2.250
Monkey Pt,2002,-8.755E-18,1.110E-15,0.280,0.280,-5.551E-17,2.751,-2.665E-15,0.280,1.647,5.412E-16,5.204E-18,0.267,-6.661E-16,3.903E-17,4.208E-17,-1.281E-17,-3.331E-16,3.051E-17,-3.331E-16,0.280,7.544E-19,1.233E-18,0.278,-8.882E-16,1.371,0.836,0.533,8.803,-3.553E-15,0.533,-1.332E-15,0.836,8.932,1.674,18.367,6.339,4.946,1.120,6.238,35.532,7.918,27.614,1.776E-15,0.560,1.678,0.280,3.865,-8.882E-16,16.058,2.801,0.836,13.174,5.232
Monkey Pt,2003,-1.103E-17,2.602E-15,1.132,2.331E-15,1.893E-29,1.971,0.282,0.570,0.834,8.882E-16,1.561E-17,0.267,1.665E-16,2.949E-17,0.267,-4.350E-17,1.145E-16,2.121E-17,-2.776E-16,3.816E-17,3.100E-19,7.169E-19,-8.083E-18,0.847,-1.110E-16,-2.942E-15,4.441E-16,6.171,7.105E-15,-4.441E-15,4.963E-16,-1.943E-16,5.574,0.549,27.767,18.534,3.639,2.717,6.299,19.212,10.471,7.036,1.705,1.132,1.686,0.567,1.686,2.012E-16,21.919,5.602,1.682,18.246,10.309
Monkey Pt,2004,4.689E-18,4.163E-16,1.676,0.280,-6.106E-16,2.037,4.094E-16,0.372,0.651,9.784E-16,3.469E-18,0.184,-2.498E-16,3.730E-17,0.000,0.093,0.000,0.093,0.280,-1.388E-17,2.397E-18,-3.324E-19,-1.343E-17,0.551,0.095,1.221E-15,-2.665E-15,6.312,-5.329E-15,2.665E-15,-5.551E-16,1.776E-15,5.562,1.399,13.084,10.484,8.143,1.854,7.450,38.654,22.855,13.472,2.327,1.956,1.020,0.370,1.576,-2.220E-16,18.334,3.806,0.838,15.355,6.500
Monkey Pt,2005,-1.331E-17,2.498E-16,1.377,0.275,1.110E-16,2.486,0.275,1.380,0.551,1.221E-15,-6.939E-18,0.275,-2.220E-16,1.301E-17,2.752E-16,-8.784E-17,7.633E-17,-1.972E-18,0.275,1.648E-16,1.988E-18,-1.355E-19,-1.303E-17,0.275,8.327E-16,0.556,0.278,7.727,-1.776E-15,0.278,-1.129E-15,0.278,3.873,8.014,22.654,13.820,8.026,0.551,8.301,16.281,4.139,11.315,0.826,1.653,0.275,-6.245E-17,1.102,0.278,19.642,7.996,0.829,16.258,8.019
Monkey Pt,2006,2.439E-18,9.021E-16,0.560,8.882E-16,-8.882E-16,1.949,2.220E-16,0.551,1.394,3.886E-16,1.214E-17,0.831,3.331E-16,2.862E-17,0.546,-1.053E-16,1.041E-17,1.306E-17,0.278,5.204E-18,1.644E-18,6.370E-19,-9.216E-19,1.360E-15,7.772E-16,1.665E-15,3.997E-15,6.109,-1.776E-15,3.331E-16,2.167E-16,2.033E-15,9.953,4.147,22.461,10.228,9.133,3.329,11.328,12.230,3.605,5.577,3.049,0.560,0.829,0.280,1.667,4.441E-16,18.720,7.462,0.553,15.635,11.101
Monkey Pt,2007,-6.641E-18,1.943E-16,0.429,1.887E-15,-5.551E-17,1.923,4.996E-16,-3.331E-16,0.637,1.332E-15,-1.214E-17,1.318E-16,-2.220E-16,5.204E-18,7.142E-17,1.947E-17,-1.908E-17,1.075E-17,-8.327E-17,2.776E-17,1.333E-18,1.522E-18,-1.350E-18,0.216,-2.220E-15,-4.441E-16,0.212,3.418,3.859,0.212,5.007E-17,4.441E-16,5.749,12.601,7.489,19.212,22.034,2.985,7.248,12.409,5.566,5.549,1.295,0.429,2.220E-16,0.212,0.216,-8.327E-17,44.649,2.140,0.429,28.576,3.205
Monkey Pt,2008,-1.998E-17,5.343E-16,1.350,7.546E-16,1.110E-16,1.459,3.331E-16,0.611,0.827,1.062E-15,3.469E-18,0.216,1.388E-17,1.908E-17,8.408E-17,0.227,2.082E-17,1.499E-17,0.216,2.602E-17,3.490E-19,1.233E-18,-1.465E-18,0.227,-2.665E-15,-4.441E-16,0.394,5.528,-7.105E-15,0.394,-2.498E-16,-8.882E-16,4.768,-4.663E-15,8.346,20.488,12.224,5.057,4.583,35.055,17.382,17.062,0.611,1.350,2.984E-16,0.216,0.640,-4.163E-17,41.624,2.484,0.611,26.567,2.373
Monkey Pt,2009,-1.187E-17,1.166E-15,0.204,-5.551E-16,1.110E-16,1.389,3.886E-16,0.691,1.929,4.996E-16,-5.204E-18,0.150,1.665E-16,4.337E-18,4.163E-17,-5.822E-19,-4.163E-17,9.212E-18,0.255,3.643E-17,3.558E-19,3.388E-19,-2.197E-17,0.415,6.661E-16,0.394,0.520,5.947,3.553E-15,0.520,6.056E-17,0.394,7.764,-6.217E-15,10.086,19.674,20.666,5.124,3.970,39.994,25.614,12.892,1.488,0.204,1.180E-16,6.939E-18,1.322,-1.318E-16,44.826,1.323,0.992,29.632,1.985
Monkey Pt,2010,-4.556E-17,1.027E-15,0.487,0.478,6.311E-30,3.794,3.331E-16,0.703,1.655,1.832E-15,2.082E-17,0.468,1.110E-16,5.378E-17,7.251E-17,-1.130E-17,-5.204E-18,0.243,2.498E-16,2.776E-17,1.373E-18,4.326E-19,-1.491E-17,0.469,0.466,-1.776E-15,0.243,9.007,1.421E-14,0.243,7.461E-16,-2.220E-16,12.364,-3.553E-15,8.277,23.471,21.641,6.827,2.834,10.389,9.679,0.710,9.714E-16,0.965,3.192E-16,0.711,0.703,8.882E-16,47.244,2.824,0.953,33.576,2.367
Monkey Pt,2011,-5.715E-17,7.980E-16,0.221,7.216E-16,-3.331E-16,1.130,2.776E-16,0.446,0.925,8.327E-16,2.429E-17,0.450,2.776E-16,-2.264E-18,-2.363E-17,-1.564E-16,1.561E-17,4.518E-17,1.388E-16,0.221,6.161E-19,1.400E-19,-8.386E-18,1.388E-15,0.458,1.055E-15,0.687,4.537,5.329E-15,0.687,2.742E-17,7.494E-16,4.969,3.423,8.157,22.800,16.042,3.657,3.611,30.304,9.462,20.842,2.026E-15,0.221,-6.245E-17,-1.804E-16,0.458,3.678E-16,39.662,1.809,0.233,27.062,2.696
Monkey Pt,2012,-1.840E-17,3.886E-16,0.596,0.481,-4.996E-16,2.583,5.551E-17,0.252,0.480,6.384E-16,1.045E-17,3.469E-16,-2.776E-17,1.407E-17,-2.304E-17,-2.986E-17,-3.123E-17,1.807E-17,0.113,8.674E-18,3.219E-19,1.233E-18,-3.730E-18,0.230,0.411,0.230,0.389,5.765,-4.441E-15,0.389,-2.711E-16,0.230,5.741,5.379,20.626,17.369,7.104,3.101,6.016,25.725,15.754,9.698,0.273,1.078,2.984E-16,-2.776E-17,0.137,7.425E-16,27.243,2.649,0.388,20.915,8.820
Monkey Pt,2013,-2.620E-19,8.396E-16,0.695,1.277E-15,-3.886E-16,3.293,2.220E-16,-6.661E-16,0.933,1.027E-15,-1.814E-17,3.238E-17,2.776E-17,2.353E-17,1.087E-16,-2.539E-17,-1.232E-16,-1.952E-17,-1.388E-16,3.802E-17,2.530E-19,3.733E-19,-1.453E-17,0.695,0.682,7.216E-16,0.685,6.982,0.705,0.685,1.983E-16,1.915E-15,6.183,14.077,13.162,24.729,12.972,4.624,2.533,10.357,5.783,4.573,1.832E-15,0.695,0.227,0.466,1.140,4.233E-16,42.634,0.695,1.377,29.585,2.327
Monkey Pt,2014,-8.574E-18,0.118,4.888,2.659,-2.220E-16,2.558,1.110E-16,0.345,0.693,1.282,6.458E-18,0.114,-2.776E-17,2.423E-17,5.794E-17,-2.691E-17,0.118,4.330E-17,0.464,4.508E-17,1.665E-18,1.233E-18,-1.026E-17,0.116,0.914,3.472,3.132,19.488,7.105E-15,2.785,0.347,2.433,2.308,-3.331E-15,11.178,21.883,7.760,4.072,0.692,28.315,17.158,10.810,0.347,7.547,4.545E-16,-1.388E-16,1.150,1.039,32.967,1.989,1.164,22.947,4.545
Monkey Pt,2015,-1.031E-17,7.563E-16,0.243,1.533E-15,5.551E-17,2.389,4.545E-16,0.483,1.198,1.082E-15,4.165E-18,-1.110E-16,3.608E-16,1.107E-17,-1.067E-17,-6.689E-18,2.538E-18,1.301E-17,-4.996E-16,3.689E-17,9.058E-19,1.179E-18,-3.657E-18,0.703,2.776E-16,0.460,2.789E-15,5.476,2.872,1.346E-15,-2.435E-17,0.460,4.522,7.360,11.217,23.355,11.066,3.522,7.876,18.919,1.200,17.719,1.443E-15,0.243,3.541E-16,-9.021E-17,0.473,2.567E-16,24.175,1.673,1.669,17.598,4.522
Monkey Pt,2016,-1.320E-17,3.157E-15,0.240,4.297E-14,-1.138E-14,2.591,1.943E-15,0.468,0.948,-1.832E-15,1.043E-15,0.481,4.219E-15,-1.577E-16,4.254E-15,-1.825E-16,1.313E-15,4.089E-16,0.467,-2.841E-16,-1.246E-17,-3.519E-18,1.446E-17,0.242,1.271E-14,9.409E-15,0.719,6.156,17.765,0.719,4.822E-15,1.976E-14,9.601,-1.532E-14,12.157,25.033,11.579,2.083,4.070,9.674,2.098,7.576,1.316E-14,0.240,8.431E-16,1.533E-15,0.242,3.338E-15,35.001,0.922,0.719,24.795,4.541
Muskmelon,1992,-3.188E-17,5.138,12.383,3.050,2.197,2.534,3.886E-16,4.933,-1.388E-16,4.163E-16,-1.908E-17,0.262,1.388E-16,-1.145E-16,1.052E-15,1.240E-17,2.109E-17,5.475E-17,-1.110E-16,3.469E-17,8.674E-19,-1.313E-19,-1.681E-18,1.065,1.665E-16,0.868,0.540,32.970,16.344,0.540,-1.102E-16,0.868,2.456,-1.110E-15,2.902,23.413,0.262,4.048,7.270,0.835,4.441E-15,0.835,8.327E-16,15.432,6.483,0.262,6.483,4.580E-16,29.491,1.607,1.146,24.497,1.837
Muskmelon,1993,-4.337E-18,4.723,9.845,4.326,2.592,1.823,0.000,2.835,0.289,3.747,0.706,0.134,-2.220E-16,0.274,0.138,0.285,-2.181E-17,2.060E-17,1.388E-16,1.735E-18,-1.735E-18,-1.605E-19,-2.087E-18,1.121,1.665E-16,2.554,2.405,37.229,4.576,2.405,1.388E-16,1.986,0.141,-6.661E-16,3.652,30.636,2.130,4.549,10.139,1.115,0.551,0.423,0.141,14.171,0.141,-1.665E-16,2.055,0.568,41.498,1.253,1.269,34.920,2.956
Muskmelon,1994,-2.602E-18,2.601,17.582,4.856,2.975,2.874,1.110E-16,2.211,1.501,3.836,6.939E-17,1.193,0.000,0.926,-7.240E-16,9.225E-17,0.309,-4.879E-18,1.149,-3.990E-17,1.735E-18,5.705E-19,-6.234E-19,3.618,-3.886E-16,2.295,4.596,51.641,0.575,3.714,0.882,2.295,0.267,0.573,8.581,5.178,2.129,3.588,6.053,12.923,9.868,2.257,0.798,22.439,3.975,-4.857E-17,3.975,6.176E-16,8.210,3.721,0.796,6.991,3.891
Muskmelon,1995,-7.806E-18,5.760,16.818,7.962,2.168,3.286,2.220E-16,3.817,0.813,2.202,2.220E-16,0.553,1.776E-15,-6.072E-18,0.282,6.991E-17,-3.675E-17,-4.738E-17,0.542,0.271,-8.674E-19,-2.757E-19,-7.318E-19,4.088,1.776E-15,3.038,4.370,55.432,0.271,3.828,0.542,3.038,2.473,-1.776E-15,4.710,4.664,0.271,0.542,10.436,13.261,7.760,4.958,0.542,24.781,0.542,1.107,4.619,8.882E-16,6.077,0.824,1.107,5.024,2.202
Muskmelon,1996,-9.107E-18,1.449,15.029,4.446,4.088,2.054,-7.216E-16,6.839,0.894,3.768,-5.003E-16,1.184,-1.110E-16,-3.383E-17,0.290,-1.658E-16,0.290,1.941E-17,-1.388E-16,-6.418E-17,2.168E-18,6.416E-19,-3.795E-19,1.739,0.314,0.580,4.156,46.251,0.580,3.577,0.580,0.290,0.580,-6.661E-16,3.022,6.623,2.707,1.498,8.701,17.569,13.992,2.707,0.870,19.475,0.580,-1.249E-16,5.532,0.290,11.257,5.778,1.159,10.024,-4.441E-15
Muskmelon,1997,-9.975E-18,2.725,18.456,6.439,3.171,5.639,-2.220E-16,4.028,0.267,2.161,-1.041E-17,0.529,0.262,0.547,0.262,-3.785E-16,-4.441E-16,4.022E-17,0.262,-3.469E-17,-5.204E-18,1.881E-17,-3.795E-19,2.427,0.267,2.424,3.490,53.075,-1.243E-14,3.490,-4.441E-16,2.143,2.157,-1.332E-15,4.020,4.317,0.787,0.529,4.834,20.521,15.966,3.732,0.823,24.895,1.103,-5.551E-17,4.624,0.280,10.430,2.721,2.152,8.596,1.352
Muskmelon,1998,-5.204E-18,3.366,12.651,5.330,2.782,2.255,-7.216E-16,3.103,0.565,3.362,0.282,0.565,1.665E-16,0.560,-1.133E-16,6.209E-18,0.282,3.968E-17,0.282,2.086E-16,0.282,7.584E-19,-2.439E-19,2.227,0.282,1.403,1.959,41.540,0.282,1.959,1.886E-16,1.403,0.847,2.220E-16,4.501,5.603,2.815,1.125,4.783,33.988,33.154,0.833,1.665E-16,17.980,4.268E-16,-9.021E-17,2.542,-2.082E-17,12.265,0.847,1.125,10.358,1.685
Muskmelon,1999,-9.107E-18,3.091,14.319,4.195,3.074,2.801,-1.110E-16,3.079,0.560,1.947,1.041E-17,1.118,-3.331E-16,0.565,0.278,8.251E-19,1.880E-17,8.338E-17,0.278,-2.776E-17,1.381E-18,-3.349E-19,-9.487E-19,0.280,0.565,2.799,2.241,40.354,-6.217E-15,1.963,0.278,2.241,3.635,-1.776E-15,3.642,3.357,0.840,1.120,12.347,31.906,27.441,3.910,0.556,18.514,0.843,-2.220E-16,1.959,0.558,8.035,0.278,0.563,6.776,0.560
Muskmelon,2000,-1.323E-17,1.419,13.078,5.382,3.852,2.788,-1.110E-16,6.521,0.303,3.316,1.103E-16,0.542,-1.943E-16,0.606,-2.200E-16,0.303,0.303,2.992E-17,0.551,-8.674E-18,5.613E-19,7.222E-19,1.545E-18,2.581,3.886E-16,0.303,2.581,44.429,0.271,2.581,-2.314E-15,0.303,0.574,1.332E-15,2.943,4.036,1.644,3.898,3.843,33.535,27.070,6.465,-2.054E-15,18.461,-2.082E-17,0.303,1.424,-2.796E-15,9.267,1.947,0.882,7.983,0.606
Muskmelon,2001,-9.324E-18,0.829,10.446,4.130,2.748,1.655,-2.220E-16,2.750,0.826,2.482,5.551E-17,0.278,5.551E-16,-3.383E-17,-3.331E-16,1.388E-16,0.000,4.987E-18,0.273,-1.388E-17,9.758E-19,2.434E-19,-2.548E-18,1.646,-2.220E-16,2.199,1.648,31.912,2.204,1.648,2.220E-16,2.199,1.660,0.278,4.130,11.851,1.648,0.273,18.476,24.262,20.396,3.033,0.833,14.576,4.510E-16,-1.804E-16,1.373,4.927E-16,15.870,0.829,1.104,13.116,1.924
Muskmelon,2002,-6.939E-18,2.280,12.105,5.045,2.343,0.814,-2.165E-15,2.236,0.792,1.129,3.643E-17,0.517,-1.110E-15,0.595,-1.357E-16,-6.988E-18,0.298,3.643E-17,-3.053E-16,3.123E-17,5.105E-19,7.222E-19,-3.198E-18,4.441E-16,0.258,1.978,4.719,33.997,1.151,3.607,1.112,1.978,5.833,8.882E-16,4.989,5.506,2.911,0.826,8.151,34.495,22.845,10.757,0.893,17.150,1.492E-16,-7.355E-16,0.792,-5.759E-16,10.780,0.517,0.831,9.085,0.258
Muskmelon,2003,-1.540E-17,1.389,14.804,5.878,4.790,2.234,-4.441E-15,3.931,0.280,1.403,-6.939E-18,0.278,1.665E-16,0.556,-3.891E-17,1.419E-17,2.584E-16,2.797E-17,-3.608E-16,0.278,-2.434E-20,9.286E-19,-2.607E-18,1.391,0.278,2.232,1.116,40.837,5.329E-15,1.116,-8.567E-17,2.232,2.246,0.840,8.399,12.587,3.369,2.531,7.846,16.577,12.636,3.376,0.565,20.682,1.116,-4.441E-16,2.236,-2.220E-16,17.980,2.250,0.282,15.105,1.398
Muskmelon,2004,-2.168E-19,0.829,17.009,4.917,2.659,2.313,-1.110E-16,2.458,0.139,0.139,0.137,0.408,0.265,0.276,-1.688E-16,0.139,-4.758E-16,0.407,0.265,0.276,7.679E-18,1.203E-19,-1.211E-18,0.276,1.368,1.868,1.774,37.251,0.139,1.774,-5.372E-16,1.201,3.238,0.395,4.736,8.739,1.751,0.271,10.612,29.722,17.874,5.728,1.094,21.926,0.414,-2.914E-16,0.968,0.667,12.192,0.959,1.081,9.985,1.079
Muskmelon,2005,-1.475E-17,0.275,11.785,4.262,3.213,2.036,-3.331E-16,4.210,0.687,0.837,3.123E-17,0.545,2.220E-15,-1.232E-16,1.110E-16,1.843E-17,0.138,7.318E-17,0.408,0.418,-1.771E-18,7.623E-20,-2.349E-18,1.770,0.540,1.651,3.699,36.201,0.413,3.567,0.132,1.512,3.990,3.009,8.215,6.546,2.694,1.349,17.134,15.135,8.421,4.937,1.778,16.047,0.270,4.163E-17,0.938,0.139,12.243,3.008,1.367,10.013,0.696
Muskmelon,2006,-1.518E-18,0.559,10.713,4.384,0.913,1.827,-4.441E-16,1.534,0.543,2.001,4.684E-17,0.265,-1.110E-16,-2.012E-16,-1.887E-16,4.647E-17,7.401E-17,0.290,3.331E-16,8.500E-17,4.825E-18,4.150E-19,-6.505E-19,1.110E-15,0.147,1.123,2.779,26.940,5.872,2.779,2.458E-16,0.984,5.264,1.011,4.258,7.378,1.919,0.855,11.378,32.685,4.129,27.622,0.934,15.097,0.139,0.126,1.770,0.139,10.732,0.265,0.278,8.921,1.077
Muskmelon,2007,-3.686E-18,5.412E-16,10.003,8.191,1.515,1.126,-1.110E-16,0.747,0.558,1.863,0.189,0.189,0.189,-5.378E-17,-1.224E-16,1.779E-17,2.770E-17,1.442E-17,0.189,-1.388E-17,1.667E-18,7.222E-19,-1.657E-18,-8.327E-17,0.548,1.295,3.517,29.753,7.372,3.148,0.369,1.295,3.588,0.189,2.442,17.416,2.631,1.136,10.592,23.196,10.182,10.003,3.010,18.194,1.735E-16,-5.551E-17,0.758,1.082E-15,24.631,0.369,0.558,13.734,0.937
Muskmelon,2008,-7.156E-18,0.200,11.838,5.595,2.303,1.357,0.000,0.958,0.200,1.745,5.031E-17,0.194,-2.220E-16,-9.194E-17,-8.932E-17,0.194,7.145E-17,4.228E-17,-1.110E-16,8.674E-18,6.833E-19,7.222E-19,-1.193E-18,0.399,7.772E-16,1.351,3.481,29.620,-1.421E-14,3.287,0.194,1.351,2.318,-4.441E-16,1.549,19.883,1.526,2.295,10.408,29.132,24.900,2.339,1.893,17.433,0.194,0.380,1.326,7.910E-16,27.975,0.969,0.593,16.185,0.388
Muskmelon,2009,-1.279E-17,0.056,12.797,3.776,3.936,0.659,1.110E-16,1.401,0.589,1.656,1.561E-17,0.350,1.110E-16,-2.862E-17,-9.714E-17,-2.455E-18,2.663E-17,-8.674E-18,-1.110E-16,1.908E-17,1.176E-18,1.169E-19,-2.619E-18,1.349,1.500,1.586,4.541,34.195,0.669,4.541,1.419E-16,1.586,6.198,-4.441E-16,1.842,18.089,5.022,1.340,7.540,30.814,16.905,11.398,2.511,16.573,1.041E-16,-6.939E-18,0.503,5.551E-17,28.612,0.503,0.336,19.158,0.670
Muskmelon,2010,-6.484E-17,0.245,14.767,6.422,1.429,2.546,1.110E-16,1.578,1.083,2.370,-4.857E-17,0.504,1.110E-16,0.123,-1.380E-16,1.762E-17,5.393E-17,-1.321E-16,0.482,-2.776E-17,-5.566E-18,-2.231E-19,-3.072E-18,0.482,0.487,2.429,5.810,39.210,5.329E-15,4.732,1.078,1.961,4.995,-2.887E-15,5.551,18.034,5.719,1.610,5.052,17.105,13.593,3.381,0.131,21.189,0.123,0.254,0.970,0.467,31.444,1.008,0.491,22.978,0.593
Muskmelon,2011,-4.677E-17,0.442,11.828,8.260,1.665E-15,3.360,5.551E-17,2.012,0.442,1.114,0.225,0.449,1.665E-16,-1.806E-16,-1.103E-16,-4.867E-17,0.221,8.406E-17,-1.665E-16,-1.683E-16,-8.747E-19,1.075E-18,-3.489E-18,0.444,1.551,2.679,3.348,34.810,1.116,3.123,0.225,1.339,5.381,0.895,9.152,14.490,1.126,0.668,8.490,22.091,11.819,10.272,1.221E-15,20.088,2.082E-17,-1.943E-16,0.225,1.339,22.029,0.886,0.670,14.736,2.225
Muskmelon,2012,7.228E-20,0.260,7.890,4.359,1.318,1.950,-3.331E-16,1.153,0.244,1.113,4.742E-17,0.249,-1.665E-16,-6.000E-17,-2.039E-16,0.139,2.999E-17,1.995E-17,0.515,0.139,6.562E-19,7.222E-19,-2.303E-18,0.379,0.416,2.472,3.563,25.467,0.677,3.563,-1.626E-16,1.782,4.823,1.591,6.857,12.294,3.737,0.375,14.578,27.533,18.271,7.902,1.360,12.248,1.388E-16,0.139,0.491,0.690,13.387,0.672,0.766,10.755,1.044
Muskmelon,2013,-3.759E-18,6.939E-16,9.886,3.090,2.283,1.145,-3.331E-16,0.920,1.390,1.422,1.091E-17,0.245,-1.388E-16,-1.589E-16,-2.776E-17,2.272E-17,9.012E-17,2.573E-17,1.110E-16,5.349E-18,2.530E-19,-1.378E-19,-9.577E-19,0.980,0.720,0.460,2.597,25.137,13.428,2.597,2.220E-16,0.460,8.600,1.878,6.567,13.846,2.991,0.950,14.463,7.711,4.438,3.273,1.610E-15,12.976,-1.596E-16,0.228,0.457,1.360E-15,23.549,1.178,2.565,16.541,1.425
Muskmelon,2014,-1.438E-17,8.327E-16,12.557,4.498,1.667,2.606,1.110E-16,1.658,1.185,2.128,1.419E-17,0.473,1.665E-16,-1.251E-16,-1.910E-16,4.489E-17,1.299E-16,6.368E-17,0.709,5.258E-18,-6.934E-19,7.222E-19,-4.789E-18,0.236,0.473,2.602,4.026,34.818,1.429,4.026,-5.551E-17,2.602,8.766,1.998E-15,6.398,18.499,1.901,0.947,2.133,21.552,17.057,4.495,1.554E-15,17.055,0.000,-7.633E-17,2.134,-4.441E-16,28.478,2.220E-16,1.187,20.266,1.182
Muskmelon,2015,7.228E-20,8.396E-16,10.970,2.621,2.158,1.672,-1.110E-16,0.718,0.954,2.622,2.332E-17,5.206E-17,0.000,-4.909E-17,-1.629E-16,8.627E-17,4.978E-17,3.050E-17,0.478,-1.129E-19,-6.392E-19,3.789E-19,-1.073E-18,1.667,0.956,1.667,5.968,32.449,7.395,5.968,4.950E-17,1.667,4.770,0.476,10.266,16.929,0.954,-2.109E-15,6.211,17.206,6.946,10.260,8.604E-16,13.590,1.484E-16,-1.110E-16,1.197,2.220E-16,28.054,0.952,1.194,20.080,1.435
Muskmelon,2016,1.568E-17,3.435E-15,8.429,4.757,-1.471E-14,3.675,2.220E-16,0.974,0.469,0.946,6.962E-16,-3.126E-15,-4.302E-15,-1.894E-15,1.299E-15,4.101E-16,5.231E-16,9.607E-16,0.238,4.811E-16,2.183E-17,-1.776E-17,-1.303E-17,0.942,0.473,2.960,3.569,26.437,5.506,3.569,3.240E-15,1.965,8.647,-4.663E-15,11.584,14.104,1.408,0.725,4.564,24.128,10.431,13.448,0.249,13.186,-6.473E-15,3.178E-15,0.249,0.995,27.545,0.469,2.179,19.635,0.469
Pelican Ghut,1992,-2.591E-17,-2.220E-16,0.840,0.834,-3.481E-16,0.560,4.996E-16,2.230,-1.519E-16,9.159E-16,-2.656E-17,3.059E-17,4.441E-16,-2.174E-17,-1.554E-15,-2.814E-17,7.171E-17,6.505E-19,3.331E-16,-1.648E-17,2.168E-19,-3.524E-19,-7.047E-19,1.103,-4.996E-16,-1.284E-15,1.369,6.936,3.644,1.369,-8.127E-17,4.788E-16,0.282,48.372,2.761,17.560,5.276,1.403,1.929,2.481,0.000,2.481,-1.110E-16,1.674,3.030,2.776E-16,3.030,6.245E-16,23.356,5.492,0.834,19.328,2.209
Pelican Ghut,1993,-4.120E-18,0.426,-6.217E-15,0.427,-5.551E-17,0.721,2.776E-16,1.161,5.322E-17,0.000,-3.372E-17,0.000,0.000,0.144,-1.776E-15,0.140,3.179E-17,2.727E-17,3.053E-16,3.426E-17,-3.253E-19,-2.982E-19,-1.626E-18,0.142,-3.331E-16,-1.110E-15,0.996,4.158,1.693,0.996,2.220E-16,8.882E-16,-3.553E-15,24.813,5.848,21.066,22.990,4.272,3.011,7.629,0.980,6.368,0.280,0.427,6.106E-16,-4.857E-17,1.845,4.510E-16,48.517,1.829,0.846,41.465,4.146
Pelican Ghut,1994,1.128E-17,2.407,0.295,0.904,-4.324E-16,0.927,0.314,1.188,2.220E-16,-8.882E-16,-2.732E-17,0.000,2.498E-16,-6.175E-17,4.441E-16,0.314,-7.106E-17,7.156E-18,0.314,0.298,0.000,5.963E-19,-1.952E-18,0.910,4.996E-16,-9.992E-16,1.241,9.112,0.629,1.241,-1.607E-16,-4.996E-16,3.611,7.377,7.012,22.652,24.387,5.726,3.285,6.567,5.070,0.904,0.593,1.199,-1.943E-16,0.295,3.918,4.649E-16,49.507,4.836,0.593,44.876,3.918
Pelican Ghut,1995,-2.266E-17,0.565,0.278,0.556,-8.647E-16,1.418,0.843,2.816,0.843,-1.110E-16,2.220E-16,-1.110E-16,3.109E-15,3.291E-17,-8.882E-16,1.277E-16,-1.113E-16,1.030E-18,4.441E-16,0.833,-9.216E-19,1.897E-19,-2.006E-18,2.538,0.565,-4.441E-16,3.956,15.211,-7.994E-15,3.956,-5.551E-16,2.665E-15,3.553E-15,10.699,9.818,16.571,8.726,1.418,3.065,19.291,3.065,14.282,1.944,0.833,-1.332E-15,0.843,7.011,8.188E-16,21.239,5.929,1.418,17.891,4.502
Pelican Ghut,1996,7.156E-18,2.076,-1.155E-14,0.298,-4.752E-16,2.384,1.478,2.951,-7.671E-17,-1.110E-15,0.000,-1.110E-16,0.300,-4.212E-17,-6.661E-16,0.870,-1.010E-16,5.963E-18,2.350,0.880,-1.084E-19,4.879E-19,-1.247E-18,2.674,6.661E-16,1.175,4.729,21.576,-1.066E-14,4.729,-4.441E-16,0.587,0.298,0.300,7.063,11.891,13.006,2.961,2.055,18.653,3.831,12.460,2.363,0.298,1.332E-15,0.896,7.980,0.587,22.374,11.847,1.475,19.787,-5.329E-15
Pelican Ghut,1997,1.409E-18,0.287,-1.266E-14,1.126,-3.164E-16,2.263,-1.769E-16,2.539,0.275,4.441E-16,-3.730E-17,-6.661E-16,-3.886E-16,-1.632E-17,-9.348E-17,0.850,-2.220E-16,3.540E-17,1.138,0.287,1.138E-18,9.821E-18,-3.090E-18,1.712,3.886E-16,-2.776E-16,2.275,12.753,-1.066E-14,2.275,0.000,1.110E-16,0.575,-4.441E-16,7.927,18.106,16.177,5.341,1.599E-14,28.907,6.227,21.279,1.401,1.126,5.204E-16,0.287,4.503,5.551E-16,30.988,3.712,1.425,26.233,4.239
Pelican Ghut,1998,4.770E-18,0.542,-8.216E-15,0.519,3.733E-17,1.328,0.540,3.433,3.331E-16,-5.551E-16,-2.938E-17,-5.692E-16,4.718E-16,1.253E-16,-2.220E-16,6.373E-17,1.051E-16,7.860E-18,3.608E-16,2.220E-16,2.288E-17,7.318E-19,-1.084E-19,0.793,5.551E-17,0.251,3.663,11.068,-1.599E-14,3.663,5.557E-17,0.251,0.251,5.551E-15,14.203,11.294,25.987,3.187,0.269,18.912,15.231,3.681,-6.661E-16,0.519,0.000,3.469E-17,8.558,4.510E-16,29.572,4.166,2.105,23.167,6.922
Pelican Ghut,1999,-1.019E-17,0.847,0.542,-1.776E-15,-2.685E-16,0.824,0.553,1.986,0.282,8.882E-16,-2.689E-17,-2.220E-16,-3.886E-16,6.044E-17,-8.327E-16,2.806E-17,4.645E-17,4.537E-17,1.192,8.478E-17,1.272E-18,-7.228E-20,-2.277E-18,0.845,0.282,-2.665E-15,4.221,11.576,-7.550E-15,4.221,-6.661E-16,-1.110E-16,2.246,4.000,7.091,10.556,12.000,2.549,1.474,36.598,3.196,33.131,0.271,0.542,3.331E-16,-2.220E-16,3.677,-2.082E-17,20.569,5.975,2.257,17.228,3.371
Pelican Ghut,2000,-1.735E-18,1.131E-15,0.558,1.116,-3.059E-16,2.220,0.000,1.942,0.840,8.882E-16,5.551E-17,-1.110E-16,3.955E-16,1.735E-18,-1.289E-16,0.275,-6.106E-16,0.275,0.275,1.063E-16,1.609E-18,6.957E-19,-1.355E-18,0.556,4.441E-16,-2.220E-15,5.000,13.058,-8.882E-15,5.000,-6.661E-16,-1.332E-15,2.769,-1.332E-15,8.593,9.730,16.413,2.215,0.278,35.002,3.884,30.002,1.116,1.674,3.192E-16,0.560,5.276,2.220E-16,26.109,4.722,1.384,21.727,3.051
Pelican Ghut,2001,-1.301E-17,0.580,-1.288E-14,0.290,-8.687E-17,2.022,9.992E-16,0.870,-2.776E-17,7.216E-16,-1.110E-16,5.551E-16,7.772E-16,0.290,4.441E-16,0.290,-3.331E-16,-1.144E-17,2.220E-16,6.006E-17,1.446E-18,6.505E-19,-1.138E-18,8.882E-16,0.862,0.290,1.427,6.920,3.553E-15,1.427,3.886E-16,0.290,5.181,11.751,5.426,14.940,16.917,2.297,0.290,28.831,12.673,15.006,1.152,0.290,4.580E-16,-2.776E-17,5.441,-3.123E-16,29.068,2.007,1.443E-15,25.210,1.724
Pelican Ghut,2002,1.084E-17,0.551,0.280,0.556,0.275,2.484,-6.217E-15,1.107,-2.776E-16,6.106E-16,-1.269E-17,6.427E-18,-8.882E-16,-1.464E-17,-1.459E-16,1.969E-17,-6.661E-16,1.606E-16,0.551,4.358E-17,9.803E-19,6.957E-19,-2.035E-17,1.382,-4.441E-16,0.280,2.759,10.225,-3.553E-15,2.759,-2.665E-15,0.280,2.218,0.826,10.262,12.181,20.809,3.040,1.776E-14,31.287,4.141,26.585,0.560,0.836,4.996E-16,-5.551E-16,4.146,0.000,28.061,4.174,0.831,23.244,3.040
Pelican Ghut,2003,-7.373E-18,3.033,-1.155E-14,0.826,-3.322E-16,1.926,0.273,2.482,1.043E-16,-5.551E-16,-3.188E-17,0.000,1.388E-16,-6.988E-17,-1.512E-16,9.436E-17,0.278,3.735E-17,0.278,6.505E-17,-1.328E-19,1.047E-18,-1.252E-18,0.826,-1.166E-15,0.556,6.050,16.527,5.329E-15,6.050,-2.371E-16,0.556,5.329E-15,-3.109E-15,12.395,18.167,5.212,3.304,0.831,31.167,4.441E-15,30.345,0.822,0.826,2.776E-16,1.110E-16,5.221,6.106E-16,28.275,5.526,1.651,23.393,5.785
Pelican Ghut,2004,3.253E-18,8.882E-16,0.556,0.969,0.413,1.389,0.139,2.075,4.441E-16,1.256E-15,-3.502E-17,-2.220E-16,2.498E-16,5.329E-17,-1.665E-16,0.278,3.331E-16,6.106E-16,0.138,1.212E-16,1.210E-18,-1.954E-19,1.446E-19,2.220E-15,0.418,0.414,1.798,8.448,-5.329E-15,1.798,-1.665E-16,0.277,0.968,5.816,8.033,11.212,18.149,3.734,0.278,30.335,9.425,15.923,4.986,1.524,1.116,0.275,6.649,0.138,25.073,5.275,0.829,20.851,4.433
Pelican Ghut,2005,-2.147E-17,2.204,0.551,0.826,-7.399E-16,0.275,0.275,3.306,0.000,-4.441E-16,-3.686E-18,1.665E-16,0.000,1.214E-17,-1.110E-16,0.275,3.904E-17,0.275,2.220E-16,5.746E-17,1.590E-18,-2.394E-19,-2.150E-18,5.551E-16,0.275,0.000,1.653,9.917,-5.329E-15,1.653,-2.444E-16,2.665E-15,1.102,14.601,10.744,18.733,10.193,1.377,1.102,18.182,4.132,12.397,1.653,1.377,4.441E-16,0.275,4.408,1.110E-16,24.242,8.540,0.826,20.035,6.612
Pelican Ghut,2006,-1.681E-17,2.475,-8.438E-15,1.166E-15,-1.998E-15,1.651,0.000,1.371,2.776E-16,7.494E-16,-2.645E-17,-8.327E-17,5.274E-16,1.957E-17,-5.149E-17,4.720E-17,3.342E-18,5.969E-17,0.275,8.977E-17,1.247E-18,9.939E-20,-4.518E-19,0.273,-6.661E-16,-2.054E-15,1.648,7.693,0.275,1.648,9.993E-17,-2.082E-17,0.546,7.149,12.632,19.234,9.073,2.195,0.824,27.471,3.297,24.175,1.554E-15,6.661E-16,3.304,-1.180E-16,7.693,4.996E-16,25.934,4.665,0.549,21.357,7.964
Pelican Ghut,2007,4.012E-18,1.110E-15,0.221,0.235,-1.377E-16,-8.882E-16,0.000,0.662,1.388E-16,1.360E-15,-5.345E-17,-1.524E-16,-4.163E-17,2.098E-17,-1.069E-16,1.455E-16,7.142E-17,2.402E-17,0.221,8.717E-17,2.137E-18,9.848E-19,-2.037E-18,6.939E-16,0.228,-1.998E-15,1.817,3.383,-7.105E-15,1.817,1.795E-16,0.000,1.132,12.495,4.345,21.624,27.134,7.716,0.463,15.504,5.236,9.827,0.442,0.455,4.233E-16,7.633E-17,5.071,4.163E-16,45.567,0.898,0.235,31.426,1.845
Pelican Ghut,2008,-4.987E-18,0.463,0.238,0.476,6.044E-17,2.573,-5.551E-17,0.923,1.668E-16,1.117E-15,-2.873E-17,-2.220E-16,3.469E-16,1.025E-17,-7.250E-17,0.225,6.621E-17,2.743E-17,0.463,9.519E-17,1.731E-18,6.957E-19,-2.151E-18,0.685,-4.441E-16,-1.998E-15,1.382,7.429,-1.243E-14,1.382,1.110E-16,-5.551E-16,1.395,-3.553E-15,7.569,21.877,30.500,5.343,0.238,21.940,13.108,8.382,0.450,0.714,3.747E-16,0.000,1.843,3.747E-16,45.297,1.399,0.468,31.631,1.131
Pelican Ghut,2009,-1.084E-19,0.317,0.186,0.439,-1.665E-16,0.481,-5.551E-17,1.006,-3.624E-17,3.886E-16,-2.374E-17,-8.847E-17,3.053E-16,1.138E-18,-6.939E-17,-6.528E-18,5.295E-17,7.047E-18,0.026,6.787E-17,1.999E-19,-7.047E-19,-1.697E-18,0.462,1.665E-15,0.111,2.041,5.069,-3.553E-15,2.041,-2.961E-16,0.111,5.508,0.333,16.190,23.871,27.548,4.338,1.170,33.230,14.527,17.037,1.667,0.625,3.331E-16,3.469E-17,2.836,0.001,48.039,0.667,0.500,32.087,5.509
Pelican Ghut,2010,0.253,1.943E-15,-7.550E-15,1.263,-4.752E-16,-1.860E-15,1.110E-16,1.454,2.776E-17,1.332E-15,-5.421E-17,-3.608E-16,3.331E-16,7.517E-18,-1.142E-16,4.558E-17,1.029E-18,-2.498E-16,0.954,6.353E-17,-1.048E-18,1.841E-19,-1.138E-18,0.235,-4.441E-15,-3.109E-15,3.373,7.296,5.329E-15,3.138,0.235,-1.110E-15,2.926,2.442E-15,3.870,32.629,27.889,8.028,0.235,11.572,1.472,10.100,1.860E-15,1.263,1.041E-16,0.727,3.368,1.110E-16,54.741,0.740,0.719,40.001,0.235
Pelican Ghut,2011,1.879E-17,0.703,0.233,0.468,-3.061E-16,0.703,3.331E-16,1.640,1.478E-16,1.110E-15,3.108E-17,9.432E-17,6.661E-16,5.000E-18,-1.910E-16,0.235,9.765E-17,4.433E-17,0.233,2.754E-17,1.908E-18,7.589E-19,-2.712E-18,0.233,1.110E-16,-3.331E-15,2.342,6.555,3.553E-15,2.108,0.235,-1.277E-15,2.810,-8.882E-16,4.454,28.816,30.441,5.384,0.699,17.801,7.490,10.311,1.249E-15,0.701,1.735E-16,0.235,1.871,-5.551E-17,50.505,0.233,0.701,35.457,1.640
Pelican Ghut,2012,-1.446E-18,1.181,-5.329E-15,0.649,0.760,2.565,0.000,1.229,1.173E-16,7.494E-16,-9.387E-18,-4.163E-17,4.441E-16,5.343E-18,0.116,9.936E-17,1.040E-16,3.110E-17,0.249,6.989E-17,1.704E-18,6.957E-19,-3.260E-18,4.094E-16,0.405,0.267,2.032,9.318,0.268,2.032,1.122E-17,0.133,0.779,9.618,9.207,23.342,17.091,5.901,3.513,12.568,4.559,8.009,0.000,0.649,4.580E-16,6.939E-18,5.015,0.133,41.899,2.213,1.034,33.083,2.402
Pelican Ghut,2013,-1.279E-17,0.692,0.171,0.339,-1.856E-16,1.526,1.665E-16,1.523,0.000,2.776E-17,-4.012E-17,-1.110E-16,3.469E-16,-5.963E-18,-2.220E-16,7.992E-17,-2.953E-17,-4.104E-17,0.341,8.218E-17,-4.337E-19,-3.812E-19,-1.193E-18,2.498E-16,1.041E-17,0.692,3.067,8.352,0.518,3.067,1.388E-16,0.692,0.168,15.192,5.462,33.154,23.622,6.343,0.510,2.231,1.202,1.029,5.551E-17,0.510,2.012E-16,-2.776E-17,2.565,1.943E-16,53.101,1.026,0.855,36.279,1.888
Pelican Ghut,2014,-1.590E-17,2.426,-4.441E-15,0.238,-1.518E-16,1.712,1.110E-16,1.735,5.067E-17,4.441E-16,-1.718E-17,-8.020E-18,3.053E-16,2.002E-17,-1.616E-16,1.932E-18,6.569E-17,2.973E-17,0.236,6.590E-17,9.329E-19,1.274E-18,-2.277E-18,8.327E-16,0.238,0.262,2.397,8.771,7.105E-15,1.922,0.475,0.262,2.661,-3.775E-15,6.633,35.218,18.843,6.343,0.475,16.895,12.574,4.321,1.776E-15,0.238,2.706E-16,-3.469E-17,2.925,3.331E-16,47.501,1.110E-16,1.238,35.349,2.946
Pelican Ghut,2015,7.806E-18,1.219,-5.329E-15,2.574E-15,-1.211E-16,1.917,1.735E-17,1.230,-5.740E-17,8.604E-16,-1.036E-17,4.254E-17,4.163E-16,1.510E-17,-1.241E-16,1.413E-16,1.058E-16,1.679E-17,0.730,8.597E-17,1.565E-18,6.415E-19,-3.187E-18,6.384E-16,0.253,0.483,1.466,7.057,0.242,1.466,1.622E-16,0.242,9.770E-15,7.783,8.029,26.742,25.117,8.029,1.219,10.227,2.922,7.305,1.776E-15,0.000,3.714E-16,0.236,3.862,0.242,44.100,0.951,0.505,31.766,3.427
Pelican Ghut,2016,-1.015E-16,1.401,8.882E-14,1.799E-14,-1.120E-15,0.732,1.887E-15,1.765,-2.814E-15,-7.355E-15,2.416E-16,-4.524E-16,1.943E-15,3.510E-16,1.847E-15,-1.237E-15,3.386E-16,-6.542E-16,2.026E-15,1.879E-16,1.420E-17,-2.322E-18,2.418E-17,1.035E-14,0.498,0.242,2.270,6.907,6.983,2.270,-9.140E-19,0.242,5.040,3.952E-14,5.873,29.348,26.599,5.177,0.960,8.917,3.142,5.775,-1.998E-15,2.576E-14,-2.089E-15,7.078E-16,2.119,8.167E-15,51.541,0.946,1.131,35.878,3.085
White Bay,1992,-1.353E-16,0.285,11.047,1.688,-2.220E-16,2.272,-4.996E-16,0.570,1.193E-15,2.082E-15,2.949E-17,3.608E-16,-6.661E-16,1.284E-16,1.125,-1.804E-16,-2.776E-17,2.602E-18,1.055E-15,6.939E-18,8.674E-19,1.301E-18,8.674E-19,2.564,0.285,0.285,0.848,20.969,31.097,0.848,1.023E-16,0.285,12.158,-3.708E-14,5.043,5.634,0.556,6.759,13.832,0.840,4.441E-15,0.563,0.278,12.735,-2.193E-15,0.285,1.665E-15,1.346E-15,19.523,0.570,2.258,16.467,3.355
White Bay,1993,8.674E-18,2.275,14.115,1.427,0.140,3.863,5.551E-17,-2.776E-17,4.857E-16,0.560,1.422E-16,0.140,1.126,0.141,1.001,-3.469E-18,-7.112E-17,1.041E-17,5.829E-16,1.561E-17,3.469E-18,-6.505E-19,-2.602E-18,4.283,0.287,1.707,2.146,33.073,14.644,2.006,0.140,1.707,0.991,-9.104E-15,10.083,11.816,1.551,7.661,15.221,0.986,0.565,0.280,0.141,15.543,0.141,6.245E-17,0.282,2.241E-15,27.781,1.270,2.421,23.646,8.952
White Bay,1994,-4.163E-17,1.710,6.325,5.801,-7.216E-16,2.603,2.220E-16,0.287,0.575,1.720,2.429E-17,0.287,0.287,-3.123E-17,0.863,-9.368E-17,3.608E-16,8.240E-17,1.554E-15,5.725E-17,-2.219E-31,-2.385E-18,4.337E-19,2.582,1.943E-15,0.575,2.895,26.509,5.438,2.895,2.177E-15,0.575,6.632,3.553E-15,10.964,6.386,7.560,6.364,10.102,12.527,8.231,3.731,0.565,12.125,-1.388E-15,3.608E-16,0.282,9.506E-16,28.483,4.019,1.765,24.504,3.137
White Bay,1995,3.469E-18,1.609,14.022,1.668,-4.996E-16,0.838,0.818,0.818,1.207E-15,0.575,0.287,0.267,2.192,-3.383E-17,0.287,-5.863E-16,-6.228E-16,-7.642E-31,0.830,-1.076E-16,-8.674E-19,-2.385E-18,4.337E-19,6.319,1.896,3.289,3.031,37.935,1.102,2.222,0.809,3.289,6.352,0.533,8.372,2.800,1.416,4.784,9.350,19.902,16.371,0.838,2.693,15.690,3.327,-9.021E-16,3.878,1.443E-15,22.301,1.917,1.372,18.443,6.989
White Bay,1996,3.469E-18,0.317,11.811,1.836,1.665E-16,2.450,0.924,0.292,1.874E-15,1.779,0.595,0.620,1.180,-1.102E-16,1.462,2.290E-16,-1.978E-16,5.378E-17,1.191,-2.585E-16,-1.301E-18,-3.036E-18,-4.337E-19,3.944,6.661E-16,1.191,3.330,31.708,0.292,2.710,0.620,0.595,-5.329E-15,-1.554E-15,2.678,1.220,0.888,2.674,4.507,50.010,18.975,31.035,2.082E-15,13.647,1.216,0.888,1.508,0.595,10.337,1.205,2.421,9.443,-7.994E-15
White Bay,1997,3.469E-18,0.275,5.895,3.096,-9.992E-16,4.754,0.285,3.117,0.565,0.551,-1.735E-17,0.850,0.560,-1.743E-16,-1.367E-15,-7.529E-16,0.558,3.730E-17,0.558,-4.649E-16,5.204E-18,-1.835E-16,-3.036E-18,2.230,1.554E-15,0.570,4.480,27.784,0.551,3.920,0.560,0.570,5.918,2.220E-15,9.237,6.173,3.084,4.504,2.795,34.331,18.275,14.945,1.111,8.991,-1.735E-16,0.282,1.693,1.998E-15,13.068,1.686,1.396,11.039,5.597
White Bay,1998,-2.429E-17,0.275,4.968,1.107,-1.665E-16,1.935,0.553,1.380,0.275,1.104,5.204E-18,2.567E-16,3.608E-16,3.556E-17,0.275,-1.388E-16,1.214E-16,-1.102E-16,7.494E-16,0.275,2.472E-17,-5.837E-18,-2.168E-18,1.377,-4.441E-16,0.826,2.486,16.839,0.278,2.486,1.390E-15,0.826,1.662,6.661E-16,6.628,4.977,3.868,2.486,2.220,54.394,36.180,17.107,1.107,6.074,0.831,-3.469E-17,1.384,1.409E-15,21.800,2.491,2.495,18.113,4.148
White Bay,1999,6.939E-18,-8.396E-16,6.441,4.489,-1.665E-15,1.398,-8.327E-16,1.690,0.280,1.120,-6.592E-17,0.278,0.558,1.553E-16,0.282,-1.180E-16,4.337E-17,-1.448E-16,8.604E-16,-6.939E-18,-3.354E-18,1.310E-18,3.036E-18,1.947,2.165E-15,0.556,5.322,24.081,0.280,5.042,0.280,0.556,2.523,-2.220E-15,11.492,1.970,2.519,2.246,0.845,48.146,16.784,30.246,1.116,10.930,0.282,0.563,1.970,-2.436E-15,8.992,1.681,0.840,7.576,7.003
White Bay,2000,1.735E-17,-4.163E-17,11.224,1.680,-2.387E-15,1.965,-6.106E-16,1.384,0.909,2.927,0.278,0.303,0.275,-3.244E-16,-5.482E-16,-9.819E-16,0.278,-2.064E-16,-3.608E-16,-5.707E-16,1.673E-18,-2.403E-18,-4.337E-19,3.955,1.332E-15,2.815,3.623,29.105,-1.243E-14,2.518,1.104,1.407,5.438,5.329E-15,8.108,2.243,2.594,3.751,2.897,40.094,9.878,22.601,7.615,12.904,-4.025E-16,-5.412E-16,-5.551E-16,1.407,9.385,2.902,2.590,8.073,3.632
White Bay,2001,-1.041E-17,0.142,10.238,0.718,6.661E-16,2.814,1.129,0.417,0.145,0.555,0.140,0.287,0.435,9.801E-17,0.710,0.137,0.279,3.643E-17,0.142,-2.082E-17,7.228E-20,-1.355E-19,8.674E-19,5.686,1.261,1.291,4.713,30.810,11.916,4.284,0.430,1.291,5.367,0.599,11.467,2.701,1.438,1.601,17.171,13.105,10.970,1.718,0.417,10.956,-6.384E-16,-2.776E-17,0.137,-6.176E-16,8.845,2.126,1.562,7.699,8.301
White Bay,2002,5.204E-18,0.838,13.637,1.389,-1.443E-15,2.502,2.778,-8.049E-16,0.280,0.278,-5.725E-17,-6.037E-16,1.947,-2.142E-16,3.123E-17,1.041E-16,0.275,-4.762E-16,0.275,-1.353E-16,1.405E-18,-2.403E-18,1.677E-17,2.234,4.144,5.822,9.169,41.678,1.396,6.942,2.227,4.158,7.209,1.332E-15,17.779,0.556,2.220,2.229,6.111,16.934,6.947,5.824,4.162,15.026,0.275,0.275,0.553,1.664,5.567,1.667,1.394,4.649,10.283
White Bay,2003,2.429E-17,1.075,14.058,1.882,-5.718E-15,0.813,2.695,0.538,5.551E-16,0.551,9.368E-17,0.269,-1.776E-15,-7.971E-16,-1.311E-15,-2.151E-16,-2.481E-15,-2.862E-17,2.109E-15,-3.140E-16,-3.135E-19,-3.498E-18,-4.595E-19,5.692,7.216E-16,2.446,5.430,35.173,3.252,5.430,1.926E-16,2.171,6.794,0.806,16.807,2.151,1.895,3.561,7.942,15.934,9.180,4.059,2.695,15.940,0.269,0.269,1.344,0.275,11.827,1.902,1.633,9.655,11.115
White Bay,2004,5.204E-18,3.046E-15,11.033,2.350,-1.554E-15,1.102,0.275,3.474,0.410,0.275,1.145E-16,0.410,0.413,-2.082E-17,0.275,0.138,0.558,0.407,0.558,1.093E-16,-5.141E-18,1.174E-17,5.746E-18,2.749,1.791,1.110,3.702,30.759,1.243E-14,3.568,0.134,0.972,11.993,1.247,11.599,3.466,2.204,2.756,4.727,25.864,7.565,11.858,3.176,13.383,1.679E-15,0.272,0.410,0.138,12.718,2.342,2.215,10.523,4.441
White Bay,2005,-2.602E-17,-5.031E-15,12.792,2.776,4.718E-15,3.056,0.553,0.833,0.280,1.394,-1.388E-16,0.275,1.387,-2.550E-16,0.556,-6.280E-16,-2.290E-16,-4.502E-16,0.280,4.111E-16,-1.482E-18,-5.218E-18,7.047E-19,0.280,1.391,3.880,3.056,31.955,1.599E-14,3.056,-1.244E-15,3.046,10.542,1.116,17.230,3.331,3.336,4.433,6.114,14.440,2.227,11.105,1.109,15.568,0.833,3.678E-16,1.945,0.833,16.580,3.331,2.227,13.785,9.461
White Bay,2006,5.204E-18,5.551E-17,6.737,0.686,1.171,0.809,9.992E-16,3.553E-15,0.285,1.554E-15,-3.990E-17,0.141,6.661E-16,-2.082E-17,2.810E-16,-4.163E-17,8.674E-17,6.219E-16,-3.608E-16,1.266E-16,-6.957E-18,-6.867E-19,-7.933E-18,3.081E-15,1.104,0.556,2.325,13.537,2.718,2.325,-1.006E-16,0.278,10.009,0.287,10.883,1.800,0.978,1.521,9.353,46.430,19.373,25.147,1.910,7.423,7.008E-16,2.845E-16,5.496E-15,0.278,8.082,0.689,1.104,6.647,7.570
White Bay,2007,3.469E-17,7.425E-16,6.617,0.685,-2.776E-16,1.177,-5.551E-16,0.163,0.163,-1.721E-15,-1.457E-16,2.429E-16,0.349,-5.204E-18,-2.810E-16,-8.674E-17,-3.990E-17,1.136E-16,0.163,-3.469E-17,7.680E-20,-2.982E-18,-9.243E-18,4.718E-16,2.223,1.359,1.687,14.410,15.723,1.687,8.812E-16,1.184,4.026,2.023,5.446,1.715,1.868,1.022,18.041,34.201,14.364,19.837,-8.771E-15,7.302,-3.469E-17,-9.021E-17,0.170,0.175,21.704,0.665,0.689,11.041,2.378
White Bay,2008,3.469E-18,8.257E-16,4.952,0.472,-9.437E-16,1.171,-7.216E-16,2.831E-15,1.110E-16,0.228,-5.725E-17,0.457,0.228,-8.674E-18,-2.186E-16,-3.155E-29,-7.078E-16,-9.194E-17,0.243,-6.072E-17,3.195E-18,-1.825E-18,-1.075E-17,0.700,3.037,1.186,2.879,15.310,0.243,2.635,0.243,1.186,13.290,8.438E-15,8.645,3.584,1.370,3.356,-6.750E-14,51.840,21.067,30.773,-5.190E-15,5.424,-4.163E-16,0.481,3.275E-15,1.901E-15,22.740,1.171,0.710,15.709,4.030
White Bay,2009,-6.939E-18,-1.117E-15,3.744,0.180,-5.551E-17,0.439,2.220E-16,5.274E-16,-2.387E-15,3.414E-15,7.112E-17,0.013,0.130,-6.332E-17,0.070,-9.021E-17,-7.633E-17,1.821E-17,1.082E-15,-7.806E-17,-3.425E-18,-6.261E-18,1.041E-17,0.666,1.450,0.372,3.435,10.499,0.501,3.435,2.918E-15,0.372,14.345,-2.665E-15,6.022,1.509,1.501,1.172,4.837,43.047,19.708,20.665,2.673,3.923,-2.082E-16,-1.041E-16,-2.831E-15,2.165E-15,17.111,0.502,0.166,11.465,3.183
White Bay,2010,-2.377E-16,-2.338E-15,8.481,-9.159E-15,-1.665E-15,0.922,-1.832E-15,0.230,0.224,-4.635E-15,1.769E-16,0.238,-1.998E-15,-3.493E-16,1.492E-16,-2.151E-16,-1.908E-17,0.230,1.804E-15,1.665E-16,5.566E-18,7.493E-18,5.548E-18,0.447,4.836,2.307,4.388,21.373,0.714,4.388,-3.135E-15,1.377,13.066,-7.327E-15,10.876,2.344,2.566,0.936,4.142,40.968,16.143,24.825,8.132E-15,8.481,-3.261E-16,-6.523E-16,-2.220E-15,0.930,25.358,1.406,1.609,17.124,6.728
White Bay,2011,1.272E-17,5.919E-15,2.701,0.238,-7.772E-16,0.900,4.441E-16,1.388E-15,7.355E-16,4.163E-15,-1.712E-16,2.567E-16,-1.110E-16,8.722E-18,6.141E-16,-3.574E-16,-1.440E-16,1.301E-17,0.442,1.995E-16,2.188E-18,-5.810E-18,-1.625E-18,0.221,2.220E-15,1.104,1.359,6.523,2.132E-14,1.359,-1.278E-15,0.662,6.151,0.459,6.675,0.221,3.064E-14,9.326E-15,12.354,66.038,22.526,43.512,-8.327E-17,2.939,7.425E-16,0.221,8.438E-15,0.442,21.200,0.918,0.442,14.051,1.783
White Bay,2012,1.070E-17,1.665E-16,2.671,0.401,4.996E-16,0.713,-1.110E-16,0.114,8.604E-16,9.992E-16,-6.627E-17,0.118,-5.551E-17,-8.007E-19,-2.255E-16,9.368E-17,-3.123E-17,9.274E-17,0.378,1.272E-16,3.484E-18,-1.681E-18,-7.421E-18,0.236,0.962,0.232,1.176,7.001,2.211,1.176,5.725E-17,0.232,8.186,2.066,9.496,0.822,0.114,0.113,9.919,58.513,26.262,29.724,2.528,3.072,-2.498E-16,-2.082E-17,1.610E-14,5.898E-16,10.781,0.801,0.758,9.094,4.118
White Bay,2013,-6.505E-19,1.263E-15,3.150,0.333,8.882E-16,0.562,3.331E-16,1.749E-15,0.227,0.111,7.228E-20,0.111,0.111,1.138E-16,0.113,2.429E-17,1.058E-16,6.675E-17,0.111,5.089E-17,3.506E-18,5.121E-18,3.433E-18,0.333,0.444,1.122,2.256,8.763,11.399,2.145,0.111,1.011,7.365,7.802,10.500,1.014,0.116,-2.109E-15,17.490,34.986,4.530,30.011,0.444,3.484,2.429E-16,3.192E-16,3.275E-15,0.111,10.749,0.454,0.111,7.435,2.576
White Bay,2014,3.672E-17,2.769E-15,3.939,5.052E-15,-1.721E-15,0.917,-4.441E-16,1.416E-15,8.604E-16,1.582E-15,-6.445E-17,-1.020E-15,-4.163E-16,4.470E-17,-1.804E-16,1.492E-16,3.857E-16,2.523E-17,4.163E-16,-3.009E-17,1.258E-18,-3.795E-19,2.168E-18,-1.360E-15,0.698,1.593,1.613,8.528,-1.243E-14,1.381,0.231,1.593,11.725,-1.110E-15,12.174,0.447,1.277E-14,-3.442E-15,2.935,63.736,32.397,31.115,0.224,3.939,0.224,2.845E-16,0.224,3.705E-15,19.733,5.163E-15,0.231,13.259,2.780
White Bay,2015,-2.241E-18,1.520E-15,1.177,0.468,-6.106E-16,0.933,0.236,3.331E-16,1.466E-15,-2.637E-15,-4.144E-17,1.008E-15,-7.216E-16,-3.149E-17,-5.944E-16,7.401E-17,-9.121E-17,1.026E-16,1.193E-15,-6.784E-17,3.743E-18,-1.446E-18,-8.531E-18,-1.582E-15,0.231,0.236,0.699,3.981,5.883,0.699,5.146E-17,0.236,11.339,2.361,5.357,0.231,1.077E-14,6.328E-15,15.812,55.035,11.309,42.781,0.946,1.645,-3.676E-16,1.249E-16,4.219E-15,2.727E-15,13.565,1.499E-15,4.441E-16,9.423,1.176
White Bay,2016,-2.317E-16,-2.481E-13,6.320,0.460,5.346E-14,0.696,0.256,-9.471E-13,-4.769E-15,0.230,-3.831E-15,-6.714E-14,0.230,1.013E-15,-4.158E-14,2.071E-14,3.632E-15,2.009E-16,-5.854E-14,9.758E-17,8.163E-17,2.275E-16,-1.917E-17,0.230,0.460,0.230,1.406,10.517,8.717,1.406,2.122E-14,0.230,11.549,-5.365E-13,13.080,0.460,7.194E-13,-8.761E-13,15.894,38.161,4.512,33.649,-1.019E-12,6.779,1.088E-13,-6.141E-14,-5.823E-13,-6.941E-14,8.134,0.460,1.162,5.646,6.438
